Course,CourseTitle,CourseSubtitle,CallNumber,Term,Instructor1Name,NumFixedUnits,Time,Location,Tag
CBMF4761W001,COMPUTATIONAL GENOMICS,COMPUTATIONAL GENOMICS,12444,20221,"PE'ER, ITSIK",3,13@14401555,253 Eng Terrace,Systems Biology
COMS4111WH01,INTRODUCTION TO DATABASES,INTRODUCTION TO DATABASES,20427,20221,Donald F Ferguson,3,5@10101240,Hybrid,DS
COMS4111W001,INTRODUCTION TO DATABASES,INTRODUCTION TO DATABASES,12428,20221,Donald F Ferguson,3,5@10101240,501 Schermerhorn Hall [SCH],DS
COMS4111W002,INTRODUCTION TO DATABASES,INTRODUCTION TO DATABASES,13911,20221,"WU, EUGENE",3,5@13101540,417 International Affairs: Building,DS
COMS4111W003,INTRODUCTION TO DATABASES,INTRODUCTION TO DATABASES,15287,20221,"BILIRIS, ALEXANDROS",3,4@16101841,402 Chandler,DS
COMS4112W001,DATABASE SYSTEM IMPLEMENTATION,DATABASE SYSTEM IMPLEMENT,12429,20221,"ROSS, KENNETH A",3,13@13101425,451 Computer Science Building,DS
COMS4113WH01,FUND-LARGE-SCALE DIST SYSTEMS,FUND-LARGE-SCALE DIST SYS,17356,20221,"GEAMBASU, ROXANA",3,5@10101240,Hybrid,Computer System
COMS4113W001,FUND-LARGE-SCALE DIST SYSTEMS,FUND-LARGE-SCALE DIST SYS,12470,20221,"GEAMBASU, ROXANA",3,5@10101241,451 Computer Science Building,Computer System
COMS4115W001,PROGRAMMING LANG & TRANSLATORS,PROGRAMMING LANG & TRANSL,12430,20221,"GU, RONGHUI",3,13@17401855,501 Schermerhorn Hall [SCH],Computer Engineering
COMS4118W001,OPERATING SYSTEMS I,OPERATING SYSTEMS I,12431,20221,"LEE, JAE W",3,3@16101840,501 Northwest Corner Building,Computer System
COMS4170WH01,USER INTERFACE DESIGN,USER INTERFACE DESIGN,18592,20221,"CHILTON, LYDIA",3,13@16101725,Hybrid,Computer Engineering
COMS4170W001,USER INTERFACE DESIGN,USER INTERFACE DESIGN,12432,20221,"CHILTON, LYDIA",3,13@16101726,418 International Affairs: Building,Computer Engineering
COMS4172W001,3D UI AND AUGMENTED REALITY,3D UI AND AUGMENTED REALI,12433,20221,"FEINER, STEVEN K",3,24@13101425,644 Seeley W. Mudd Building,Computer Engineering
COMS4182W001,SECURITY II,SECURITY II,12434,20221,"BELLOVIN, STEVEN M",3,24@13101425,833 Seeley W. Mudd Building,Computer Engineering
COMS4232W001,Advanced Algorithms,Advanced Algorithms,12436,20221,"ANDONI, ALEXANDR",3,24@16101725,451 Computer Science Building,Computer Engineering
COMS4236W001,INTRO-COMPUTATIONAL COMPLEXITY,INTRO-COMPUTATIONAL COMPL,12437,20221,"SERVEDIO, ROCCO",3,24@08400955,1127 Seeley W. Mudd Building,Computer Engineering
COMS4261W001,INTRO TO CRYPTOGRAPHY,INTRO TO CRYPTOGRAPHY,12438,20221,"MALKIN, TAL",3,24@10101125,633 Seeley W. Mudd Building,Computer Engineering
COMS4261W002,INTRO TO CRYPTOGRAPHY,INTRO TO CRYPTOGRAPHY,20071,20221,"MALKIN, TAL",3,24@08400955,633 Seeley W. Mudd Building,Computer Engineering
COMS4701WH02,ARTIFICIAL INTELLIGENCE,ARTIFICIAL INTELLIGENCE,17290,20221,"DEAR, TONY B",3,13@14401555,Hybrid,Computer Engineering
COMS4701W002,ARTIFICIAL INTELLIGENCE,ARTIFICIAL INTELLIGENCE,12440,20221,"DEAR, TONY B",3,13@14401556,418 International Affairs: Building,Computer Engineering
COMS4701W003,ARTIFICIAL INTELLIGENCE,ARTIFICIAL INTELLIGENCE,18093,20221,"DEAR, TONY B",3,13@17401855,451 Computer Science Building,Computer Engineering
COMS4705W001,NATURAL LANGUAGE PROCESSING,NATURAL LANGUAGE PROCESSI,12441,20221,"YU, ZHOU",3,13@16101725,207 Mathematics Building,Computer Engineering
COMS4705W002,NATURAL LANGUAGE PROCESSING,NATURAL LANGUAGE PROCESSI,17846,20221,"BENAJIBA, YASSINE",3,3@19002130,501 Schermerhorn Hall [SCH],Computer Engineering
COMS4721W001,MACHINE LEARNING FOR DATA SCI,MACHINE LEARNING FOR DATA,17136,20221,"HSU, DANIEL",3,24@13101425,301 Uris Hall,DS
COMS4732WH01,Computer Vision II: Learning,Computer Vision II: Learn,18457,20221,"VONDRICK, CARL",3,5@10101240,Hybrid,Computer Engineering
COMS4732W001,Computer Vision II: Learning,Computer Vision II: Learn,12442,20221,"VONDRICK, CARL",3,5@10101241,418 International Affairs: Building,Computer Engineering
COMS4733W001,COMPUTATNL ASPECTS OF ROBOTICS,COMPUTATNL ASPECTS OF ROB,12443,20221,"SONG, SHURAN",3,5@10101240,312 Mathematics Building,Computer Engineering
COMS4762W001,Machine Learning for Functional Genomics,ML for Functional Genomic,12445,20221,"KNOWLES, DAVID A",3,13@16101725,451 Computer Science Building,DS
COMS4771W001,MACHINE LEARNING,MACHINE LEARNING,12446,20221,"VERMA, NAKUL",3,24@13101425,428 Pupin Laboratories,DS
COMS4771W002,MACHINE LEARNING,MACHINE LEARNING,12447,20221,"VERMA, NAKUL",3,24@14401555,501 Northwest Corner Building,DS
COMS4995W001,TOPICS IN COMPUTER SCIENCE,SEMANTIC REPRESENTATIONS NLP,12450,20221,"BAUER, DANIEL",3,13@10101125,451 Computer Science Building,Computer Engineering
COMS4995W002,TOPICS IN COMPUTER SCIENCE,UBIQUITOUS SEQUENCING,12451,20221,"PE'ER, ITSIK",3,24@17401855,451 Computer Science Building,Computer Engineering
COMS4995W003,TOPICS IN COMPUTER SCIENCE,CAUSAL INFERENCE II,12452,20221,"BAREINBOIM, ELIAS",3,1@10101240,825 Seeley W. Mudd Building,Computer Engineering
COMS4995W004,TOPICS IN COMPUTER SCIENCE,GEOMETRIC DATA ANALYSIS,12453,20221,"BLUMBERG, ANDREW J",3,13@08400955,633 Seeley W. Mudd Building,Computer Engineering
COMS4995W005,TOPICS IN COMPUTER SCIENCE,DESIGN USING C++,12454,20221,"STROUSTRUP, BJARNE",3,5@13101540,1127 Seeley W. Mudd Building,Computer Engineering
COMS4995W007,TOPICS IN COMPUTER SCIENCE,INTRO TO NETWORKS AND CROWDS,12455,20221,"CHAINTREAU, AUGUSTIN",3,5@13101540,313 Fayerweather,Computer Engineering
COMS4995W009,TOPICS IN COMPUTER SCIENCE,NATUR ARTIFIC NEURAL NETWORKS,13667,20221,"MORRISON, JOHN R",3,2@13101540,1127 Seeley W. Mudd Building,Computer Engineering
COMS4995W010,TOPICS IN COMPUTER SCIENCE,NAT ART NEURAL NETWORKS LAB,13669,20221,"PAPADIMITRIOU, CHRISTOS H",1,4@14101600,516,Computer Engineering
COMS4995W011,TOPICS IN COMPUTER SCIENCE,INTRO TO DATA VISUALIZATION,17830,20221,"SWINEHART, CHRISTIAN",3,4@16101840,644 Seeley W. Mudd Building,DS
COMS4995W012,TOPICS IN COMPUTER SCIENCE,DEEP LEARNING,17848,20221,"DRORI, IDDO",3,24@13101425,402 Chandler,DS
COMS4995W013,TOPICS IN COMPUTER SCIENCE,EMPIRICAL METHODS DATA SC,17850,20221,"LEVINE, MICHELLE F",3,13@11401255,233 Seeley W. Mudd Building,DS
COMS4995W014,TOPICS IN COMPUTER SCIENCE,TECH INTERVIEW PREP C++,17851,20221,"LIM, YONGWHAN",3,24@17401855,140 Uris Hall,Computer Engineering
COMS4995W020,TOPICS IN COMPUTER SCIENCE,APPLIED MACHINE LEARNING,16970,20221,"PAPPU, VIJAY",3,1@19002130,501 Schermerhorn Hall [SCH],DS
COMS6111EH01,ADVANCED DATABASE SYSTEMS,ADVANCED DATABASE SYSTEMS,18581,20221,"GRAVANO, LUIS",3,5@10101200,Hybrid,DS
COMS6111E001,ADVANCED DATABASE SYSTEMS,ADVANCED DATABASE SYSTEMS,12456,20221,"GRAVANO, LUIS",3,5@10101201,330 Pupin Laboratories,DS
COMS6156E001,TOPICS IN SOFTWARE ENGINEERING,TOPICS IN SOFTWARE ENGINE,12457,20221,"KAISER, GAIL E",3,24@10101125,337 Seeley W. Mudd Building,Computer Engineering
COMS6178E001,Human-Computer Interaction,Human-Computer Interactio,12458,20221,"SMITH, BRIAN A",3,3@13101540,401 Chandler,Computer Engineering
COMS6424E001,HARDWARE SECURITY,HARDWARE SECURITY,12460,20221,"SETHUMADHAVAN, SIMHA",3,2@16101840,1024 Seeley W. Mudd Building,Electronics
COMS6998EH08,TOPICS IN COMPUTER SCIENCE,CLOUD COMPUTING & BIG DATA,20429,20221,"SAHU, SAMBIT",3,2@18102000,Hybrid,Computer Engineering
COMS6998E001,TOPICS IN COMPUTER SCIENCE,ADV SPOKEN LANGUAGE PROCESSING,12462,20221,"HIRSCHBERG, JULIA",3,1@16101800,1127 Seeley W. Mudd Building,Computer Engineering
COMS6998E002,TOPICS IN COMPUTER SCIENCE,AI FOR SOFTWARE ENGINEERING,12463,20221,"RAY, BAISHAKHI",3,5@10101200,829 Seeley W. Mudd Building,Computer Engineering
COMS6998E003,TOPICS IN COMPUTER SCIENCE,FUND SPEECH RECOGNITION,12464,20221,"BEIGI, HOMAYOON S",3,4@190021301,127 Seeley W. Mudd Building,Computer Engineering
COMS6998E004,TOPICS IN COMPUTER SCIENCE,COMMUNICATION COMPLEXITY APPS,12465,20221,"PITASSI, TONIANN",3,3@14101600,516 Hamilton Hall,Computer Engineering
COMS6998E005,TOPICS IN COMPUTER SCIENCE,SELF SUPERVISED LEARNING,12466,20221,"ZEMEL, RICHARD",3,3@14101600,524 Seeley W. Mudd Building,Computer Engineering
COMS6998E006,TOPICS IN COMPUTER SCIENCE,QUANTUM COMPLEXITY CRYPTO,12467,20221,"YUEN, HENRY",3,4@14101600,401 Chandler,Computer Engineering
COMS6998E007,TOPICS IN COMPUTER SCIENCE,ADV TOPICS PROJ DEEP LEARNING,12468,20221,"BELHUMEUR, PETER",3,3@14101600,833 Seeley W. Mudd Building,Computer Engineering
COMS6998E008,TOPICS IN COMPUTER SCIENCE,CLOUD COMPUTING & BIG DATA,12469,20221,"SAHU, SAMBIT",3,4@18102000,329 Pupin Laboratories,Computer Engineering
COMS6998E009,TOPICS IN COMPUTER SCIENCE,PRACT DEEP LEARNING SYS PERF,13681,20221,"DUBE, PARIJAT",3,1@19002130,451 Computer Science Building,Computer Engineering
COMS6998E010,TOPICS IN COMPUTER SCIENCE,MACHINE LEARNING &CLIMATE,15408,20221,"KUCUKELBIR, ALP",3,2@16101800,401 Chandler,ML
COMS6998E011,TOPICS IN COMPUTER SCIENCE,BANDITS REINFORCEMENT LEARNING,17849,20221,"HALL-KRISHNAMURTHY, AKSHAY",3,1@16101800,602 Northwest Corner Building,ML
COMS6998E012,TOPICS IN COMPUTER SCIENCE,QUANTUM COMPUTING THRY PRACT,20501,20221,"HORESH, LIOR",3,5@12101400,337 Seeley W. Mudd Building,Informatics
CSEE4119W001,COMPUTER NETWORKS,COMPUTER NETWORKS,13722,20221,"ZUSSMAN, GIL",3,3@10101240,301 Uris Hall,Communication
CSEE4119W002,COMPUTER NETWORKS,COMPUTER NETWORKS,13696,20221,"SCHULZRINNE, HENNING G",3,24@17401855,301 Uris Hall,Communication
CSEE4121W002,Computer System FOR DATA SCIENCE,Computer System FOR DATA,17361,20221,"SAHU, SAMBIT",3,4@19002130,402 Chandler,DS
CSEE4121W003,Computer System FOR DATA SCIENCE,Computer System FOR DATA,17391,20221,"CIDON, ASAF",3,5@10101240,501 Northwest Corner Building,DS
CSEE4840W001,EMBEDDED SYSTEMS,EMBEDDED SYSTEMS,12449,20221,"EDWARDS, STEPHEN A",3,5@13101540,451 Computer Science Building,IC
CSEE6180W001,MODELING & PERFORMANCE EVALUATION,MODELING & PERFORMANCE EV,12459,20221,"MISRA, VISHAL",3,5@10101200,337 Seeley W. Mudd Building,IC
CSEE6868E001,EMBEDDED SCALABLE PLATFORMS,EMBEDDED SCALABLE PLATFOR,12461,20221,"CARLONI, LUCA",3,3@18102000,829 Seeley W. Mudd Building,IC
CSOR4231WH01,ANALYSIS OF ALGORITHMS I,ANALYSIS OF ALGORITHMS I,17292,20221,"DRINEA, ELENI",3,24@11401255,Hybrid,Computer Engineering
CSOR4231W001,ANALYSIS OF ALGORITHMS I,ANALYSIS OF ALGORITHMS I,12435,20221,"DRINEA, ELENI",3,24@11401255,417 International Affairs: Building,Computer Engineering
CSOR4231W002,ANALYSIS OF ALGORITHMS I,ANALYSIS OF ALGORITHMS I,18321,20221,"CHEN, XI",3,13@08400955,614 Schermerhorn Hall [SCH],Computer Engineering
ECBM4070E001,Computing with Brain Circuits of Model O,Computing with Brain Circ,13569,20221,"LAZAR, AUREL A",3,1@19002130,627 Seeley W. Mudd Building,IC
EECS6321E001,ADV DIGITAL ELECTRONIC CIRCUIT,ADV DIGITAL ELECTRONIC CI,13570,20221,"SEOK, MINGOO",3,24@14401555,750 Schapiro [SCEP],IC
EECS6691E001,TOPICS DATA-DRIVEN ANAL & COMP,Advanced Deep Learning,13574,20221,"KOSTIC, ZORAN",3,3@10101240,825 Seeley W. Mudd Building,ML
EECS6692E001,TOPICS DATA-DRIVEN ANAL & COMP,Deep Learning on the Edge,13576,20221,"KOSTIC, ZORAN",3,3@13101540,TBA,ML
EECS6699E001,TOPICS DATA-DRIVEN ANAL & COMP,TPC: MATHEMATICS OF DEEP LEARN,15593,20221,"JELENKOVIC, PREDRAG R",3,3@16101840,142 Uris Hall,ML
EECS6892E001,TOPICS-INFORMATION PROCESSING,Reinforcement Learning,13584,20221,"GHADERI, JAVAD",3,24@14401555,141 Uris Hall,ML
EECS6895E001,TOPICS-INFORMATION PROCESSING,TPC: Adv Big Data & AI,15690,20221,"LIN, CHING-YUNG",3,5@19002130,501 Schermerhorn Hall [SCH],ML
EECS9601E001,Seminar in Data-Driven Analysis and Comp,ADVANCE PROB MACHINE LEARNING,15644,20221,"PAISLEY, JOHN W",3,2@16101840,327 Seeley W. Mudd Building,ML
EEME6602E001,MODERN CONTROL THEORY,MODERN CONTROL THEORY,13587,20221,"ANDERSON, JAMES",3,13@14401555,702 Hamilton Hall,Control
ELEN4314E001,COMMUNICATION CIRCUITS,COMMUNICATION CIRCUITS,13563,20221,"VALLANCOURT, DAVID G",3,13@13101425,214 Pupin Laboratories,IC
ELEN4702E001,DIGITAL COMMUNICATIONS,DIGITAL COMMUNICATIONS,13564,20221,"ASHIKHMIN, ALEXEI",3,3@19002130,420 Pupin Laboratories,Communication
ELEN4815E001,RANDOM SIGNALS & NOISE,RANDOM SIGNALS & NOISE,13565,20221,"KALET, IRVING",3,24@11401255,1127 Seeley W. Mudd Building,Communication
ELEN4830E001,DIGITAL IMAGE PROCESSING,DIGITAL IMAGE PROCESSING,13566,20221,"HENDON, CHRISTINE P",3,4@10101240,303 Uris Hall,ML
ELEN4902E001,TOPICS IN EE & CE,Electric Machines,17857,20221,"OMIDIORA, MICHAEL",3,4@19002130,303 Uris Hall,IC
ELEN6312E001,ADV ANALOG INTEGRATED CIRCUITS,ADV ANALOG INTEGRATED CIR,18290,20221,"KRISHNASWAMY, HARISH",3,4@16101840,1024 Seeley W. Mudd Building,IC
ELEN6316E001,Analog-Digital Interfaces in VLSI,Analog-Digital Interfaces,15577,20221,"DICKSON, TIMOTHY",3,2@19002130,1127 Seeley W. Mudd Building,IC
ELEN6318E001,MICROWAVE CIRCUIT DESIGN,MICROWAVE CIRCUIT DESIGN,15581,20221,"BAEYENS, YVES",3,1@16101840,633 Seeley W. Mudd Building,IC
ELEN6331E001,PRINCPLS SEMICONDUCTR PHYSCS I,PRINCPLS SEMICONDUCTR PHYSCS I,13572,20221,"WANG, WEN I",3,4@19002130,644 Seeley W. Mudd Building,IC
ELEN6350E001,VLSI DESIGN LABORATORY,VLSI DESIGN LABORATORY,15584,20221,"KINGET, PETER",3,3@14401710,227 Seeley W. Mudd Building,IC
ELEN6412E001,LIGHTWAVE DEVICES,LIGHTWAVE DEVICES,15585,20221,"MENG, XIANG",3,1@19002130,545 Seeley W. Mudd Building,IC
ELEN6414E001,PHOTONIC INTEGRATED CIRCUITS,PHOTONIC INTEGRATED CIRCU,18289,20221,"LIPSON, MICHAL",3,2@16101840,644 Seeley W. Mudd Building,IC
ELEN6767E001,"INTERNET ECON, ENG & SOCIETY","INTERNET ECON, ENG & SOCIETY",13577,20221,"MITRA, DEBASIS",3,13@11401255,545 Seeley W. Mudd Building,Communication
ELEN6771E001,TOPICS IN NETWORKING,5G PROGRAMMABLE NETWORKS,15598,20221,"CALIN, DORU",3,3@19002130,417 Mathematics Building,Communication
ELEN6876E001,Sparse and Low-Dimensional Models for Hi,SPARSE MODELS FOR HI-D DA,13582,20221,"WRIGHT, JOHN",3,1@13101540,750 Schapiro [SCEP],Communication
ELEN6883E001,TOPICS IN SIGNAL PROCESSING,INTRO TO BLOCKCHAIN TECH,13580,20221,"LI, CHONG",3,5@08101000,501 Northwest Corner Building,Cloud
ELEN6889E001,TOPICS IN SIGNAL PROCESSING,LARGE-SCALE STREAM PROCESSING,15627,20221,"TURAGA, DEEPAK S",3,4@19002130,310 Fayerweather,Cloud
ELEN6901E001,TPCS-ELEC & COMPUT ENGINEERING,Smart Grid Technologies,18021,20221,"SURESH, SINDHU",3,3@19002130,303 Uris Hall,Control
ELEN6904E001,TPCS-ELEC & COMPUT ENGINEERING,Trans Arch for xG Wireles,17013,20221,"HAQUE, TANBIR",3,1@19002130,330 Uris Hall,Communication
ELEN6908E001,TOPICS IN ELECTRICAL AND COMPUTER ENGINE,Embedded AI,13589,20221,"JIANG, XIAOFAN",3,1@10101240,330 Uris Hall,IC
ELEN6909E001,TPCS-ELECTRICAL & Computer Engineering,Motor Drive Systems,20186,20221,"PREINDL, MATTHIAS",3,2@19002130,327 Seeley W. Mudd Building,IC
ELEN6945E001,DEVICE NANOFABRICATION,Device Nanofabrication,13579,20221,"KHODAGHOLY ARAGHY, DION",3,4@13101540,303 Hamilton Hall,IC
COMS4111W001,INTRODUCTION TO DATABASES,INTRODUCTION TO DATABASES,12540,20222,"BILIRIS, ALEXANDROS",3,5@10101240,501 Schermerhorn Hall [SCH],DS
COMS4701W001,ARTIFICIAL INTELLIGENCE,ARTIFICIAL INTELLIGENCE,10338,20222,"DEAR, TONY B",3,24@13101610,402 Chandler,ML
COMS4705W001,NATURAL LANGUAGE PROCESSING,NATURAL LANGUAGE PROCESSI,10339,20222,"BAUER, DANIEL",3,13@16101725,207 Mathematics Building,ML
COMS4771W001,MACHINE LEARNING,MACHINE LEARNING,10340,20222,"VERMA, NAKUL",3,24@13101425,428 Pupin Laboratories,ML
COMS4995W001,TOPICS IN COMPUTER SCIENCE,ML W/ APPLICATIONS IN FINANCE,10333,20222,"CREAMER, GERMAN G",3,13@10101125,451 Computer Science Building,ML
COMS4995W002,TOPICS IN COMPUTER SCIENCE,C++ FOR C PROGRAMMERS,10334,20222,"LEE, JAE W",3,24@17401855,451 Computer Science Building,Computer Engineering
COMS4995W003,TOPICS IN COMPUTER SCIENCE,From algorithm to dev,11540,20222,"BOROWSKI, BRIAN",3,1@10101240,825 Seeley W. Mudd Building,Computer Engineering
COMS4995W004,TOPICS IN COMPUTER SCIENCE,Advanced Deep Learning,11890,20222,"DRORI, IDDO",3,13@08400955,633 Seeley W. Mudd Building,ML
CSOR4231W001,ANALYSIS OF ALGORITHMS I,ANALYSIS OF ALGORITHMS I,10916,20222,"ANDONI, ALEXANDR",3,24@11401255,417 International Affairs: Building,Computer Engineering
BMEB4020W001,COMP NEURO: CIRCUITS IN BRAIN,COMP NEURO: CIRCUITS IN BRAIN,10792,20223,"LAZAR, AUREL A",3,2@19002130,1127 Seeley W. Mudd Building,IC
COMS4111WH02,INTRODUCTION TO DATABASES,INTRODUCTION TO DATABASES,11010,20223,"WU, EUGENE",3,24@13101425,301 Pupin Laboratories,DS
COMS4111W001,INTRODUCTION TO DATABASES,INTRODUCTION TO DATABASES,11007,20223,"GRAVANO, LUIS",3,5@10101240,501 Schermerhorn Hall [SCH],DS
COMS4111W002,INTRODUCTION TO DATABASES,INTRODUCTION TO DATABASES,11008,20223,"WU, EUGENE",3,24@10101125,451 Computer Science Building,DS
COMS4111W003,INTRODUCTION TO DATABASES,INTRODUCTION TO DATABASES,11009,20223,"FERGUSON, DONALD F",3,5@13101540,417 International Affairs: Building,DS
COMS4113WH01,FUND-LARGE-SCALE DIST SYSTEMS,FUND-LARGE-SCALE DIST SYS,20441,20223,"GEAMBASU, ROXANA",3,5@10101240,Hybrid,Cloud
COMS4113W001,FUND-LARGE-SCALE DIST SYSTEMS,FUND-LARGE-SCALE DIST SYS,11011,20223,"GEAMBASU, ROXANA",3,5@10101240,451 Computer Science Building,Computer System
COMS4115W001,PROGRAMMING LANG & TRANSLATORS,PROGRAMMING LANG & TRANSL,11012,20223,"GU, RONGHUI",3,13@16101725,CIN,Computer Engineering
COMS4118W001,OPERATING SYSTEMS I,OPERATING SYSTEMS I,13030,20223,"NIEH, JASON",3,24@08400955,417 International Affairs: Building,Computer System
COMS4152W001,Engineering Software-as-a-Service,Engineering Software-as-a,13219,20223,"YANG, JUNFENG",3,24@08400955,301 Pupin Laboratories,Computer System
COMS4156W001,ADVANCED SOFTWARE ENGINEERING,ADVANCED SOFTWARE ENGINEE,11013,20223,"KAISER, GAIL E",3,24@10101125,614 Schermerhorn Hall [SCH],Computer Engineering
COMS4160W001,COMPUTER GRAPHICS,COMPUTER GRAPHICS,16850,20223,"FADAIFARD, HADI",3,24@18401955,1024 Seeley W. Mudd Building,Computer Engineering
COMS4170W001,USER INTERFACE DESIGN,USER INTERFACE DESIGN,11014,20223,"SMITH, BRIAN A",3,13@14401555,833 Seeley W. Mudd Building,Computer Engineering
COMS4181W001,SECURITY I,SECURITY I,11015,20223,"JANA, SUMAN",3,13@13101425,451 Computer Science Building,Computer Engineering
COMS4186W001,MALWARE ANALYSIS&REVERSE ENGINEERING,MALWARE ANALYSIS&REVERSE,11016,20223,"SIKORSKI, MICHAEL S",3,4@16101840,451 Computer Science Building,Computer Engineering
COMS4236W001,INTRO-COMPUTATIONAL COMPLEXITY,INTRO-COMPUTATIONAL COMPL,11017,20223,"CHEN, XI",3,13@08400955,1127 Seeley W. Mudd Building,Computer Engineering
COMS4252W001,INTRO-COMPUTATIONAL LEARN THRY,INTRO-COMPUTATIONAL LEARN,11018,20223,"SERVEDIO, ROCCO",3,24@08400955,402 Chandler,Computer Engineering
COMS4281W001,INTRO TO QUANTUM COMPUTING,INTRO TO QUANTUM COMPUTIN,16902,20223,"YUEN, HENRY",3,13@10101125,140 Uris Hall,Computer Engineering
COMS4419W001,"INTERNET TECHNOLOGY,ECONOMICS,AND POLICY","INTERNET TECHNOLOGY,ECONO",11019,20223,"SCHULZRINNE, HENNING G",3,24@17401855,545 Seeley W. Mudd Building,Networking
COMS4444W001,PROGRAMMING & PROBLEM SOLVING,PROGRAMMING & PROBLEM SOL,11020,20223,"ROSS, KENNETH A",3,13@13101425,337 Seeley W. Mudd Building,Computer Engineering
COMS4460W001,PRIN-INNOVATN/ENTREPRENEURSHIP,PRIN-INNOVATN/ENTREPRENEU,11021,20223,"REINISCH, WILLIAM",3,5@10101240,829 Seeley W. Mudd Building,Computer Engineering
COMS4701W001,ARTIFICIAL INTELLIGENCE,ARTIFICIAL INTELLIGENCE,11022,20223,"SALLEB-AOUISSI, ANSAF",3,24@10101125,501 Schermerhorn Hall [SCH],ML
COMS4701W002,ARTIFICIAL INTELLIGENCE,ARTIFICIAL INTELLIGENCE,11023,20223,"SALLEB-AOUISSI, ANSAF",3,24@11401255,501 Schermerhorn Hall [SCH],ML
COMS4705WH01,NATURAL LANGUAGE PROCESSING,NATURAL LANGUAGE PROCESSI,20442,20223,"BAUER, DANIEL",3,13@14401555,Hybrid,ML
COMS4705W001,NATURAL LANGUAGE PROCESSING,NATURAL LANGUAGE PROCESSI,11024,20223,"BAUER, DANIEL",3,13@14401555,501 Schermerhorn Hall [SCH],ML
COMS4731WH01,Computer Vision I: First Principles,Computer Vision I,20095,20223,"NAYAR, SHREE K",3,13@10101125,Hybrid,Computer System
COMS4731W001,Computer Vision I: First Principles,Computer Vision I,11025,20223,"NAYAR, SHREE K",3,13@10101125,214 Pupin Laboratories,Computer System
COMS4762W001,Machine Learning for Functional Genomics,ML for Functional Genomic,11026,20223,"KNOWLES, DAVID A",3,13@16101725,451 Computer Science Building,ML
COMS4771W001,MACHINE LEARNING,MACHINE LEARNING,11027,20223,"VERMA, NAKUL",3,24@14401555,833 Seeley W. Mudd Building,ML
COMS4774W001,Unsupervised Learning,Unsupervised Learning,11028,20223,"VERMA, NAKUL",3,24@13101425,627 Seeley W. Mudd Building,ML
COMS4775W001,Causal Inference,Causal Inference,11029,20223,"BAREINBOIM, ELIAS",3,13@16101725,326 Uris Hall,ML
COMS4995WH10,TOPICS IN COMPUTER SCIENCE,APPLIED DEEP LEARNING,20665,20223,"GORDON, JOSHUA B",3,4@19002130,Hybrid,ML
COMS4995W001,TOPICS IN COMPUTER SCIENCE,HACKING 4 DEFENSE,11030,20223,"BLAER, PAUL S",3,2@16101840,415 Schapiro [SCEP],Computer Engineering
COMS4995W002,TOPICS IN COMPUTER SCIENCE,PARALLEL FUNCTIONAL PROGRAMMIN,11031,20223,"EDWARDS, STEPHEN A",3,13@17401855,451 Computer Science Building,Computer Engineering
COMS4995W003,TOPICS IN COMPUTER SCIENCE,EMPIRICAL METHODS DATA SC,11032,20223,"LEVINE, MICHELLE F",3,13@11401255,829 Seeley W. Mudd Building,DS
COMS4995W004,TOPICS IN COMPUTER SCIENCE,NEURAL NETWORKS DEEP LEARNING,11033,20223,"ZEMEL, RICHARD",3,13@14401555,451 Computer Science Building,ML
COMS4995W005,TOPICS IN COMPUTER SCIENCE,LOGIC AND COMPUTABILITY,11034,20223,"PITASSI, TONIANN",3,3@16101840,331 Uris Hall,Computer Engineering
COMS4995W006,TOPICS IN COMPUTER SCIENCE,DEEP LRNG FOR COMP VISION,13377,20223,"BELHUMEUR, PETER",3,24@14401555,451 Computer Science Building,ML
COMS4995W007,TOPICS IN COMPUTER SCIENCE,TECH INTERVIEW PREP C++,13874,20223,"LIM, YONGWHAN",3,24@17401855,331 Uris Hall,Computer Engineering
COMS4995W008,TOPICS IN COMPUTER SCIENCE,COMPETITIVE PROGRAMMING,16691,20223,"LIM, YONGWHAN",3,1@19002130,451 Computer Science Building,Computer Engineering
COMS4995W009,TOPICS IN COMPUTER SCIENCE,DESIGN USING C++,18505,20223,"STROUSTRUP, BJARNE",3,5@13101540,327 Seeley W. Mudd Building,Computer Engineering
COMS4995W010,TOPICS IN COMPUTER SCIENCE,APPLIED DEEP LEARNING,11035,20223,"GORDON, JOSHUA B",3,4@19002130,417 International Affairs: Building,ML
COMS4995W011,TOPICS IN COMPUTER SCIENCE,APPLIED MACHINE LEARNING,11036,20223,"PAPPU, VIJAY",3,1@19002130,833 Seeley W. Mudd Building,ML
COMS4995W012,TOPICS IN COMPUTER SCIENCE,ELEMENTS FOR DATA SCIENCE,11037,20223,"GIBSON, BRYAN",3,3@19002130,417 International Affairs: Building,DS
COMS4995W013,TOPICS IN COMPUTER SCIENCE,APPLIED MACHINE LEARNING,18870,20223,"PAPPU, VIJAY",3,3@16101840,417 International Affairs: Building,ML
COMS4995W020,TOPICS IN COMPUTER SCIENCE,MATH MACH LEARN SIG RECOG,18683,20223,"BEIGI, HOMAYOON S",3,4@16101840,627 Seeley W. Mudd Building,ML
COMS4995W021,TOPICS IN COMPUTER SCIENCE,BLDNG SUCCESSFUL STARTUP,18684,20223,"AGARWAL, APOORV",3,24@16101725,401 Chandler,Computer System
COMS6118E001,"OPERATING SYSTEMS, II","OPERATING SYSTEMS, II",13031,20223,"NIEH, JASON",3,4@10101200,337 Seeley W. Mudd Building,Computer System
COMS6156E001,TOPICS IN SOFTWARE ENGINEERING,CLOUD COMPUTING,11038,20223,"FERGUSON, DONALD F",3,5@13101540,417 International Affairs: Building,Computer Engineering
COMS6184E001,ANONYMITY & PRIVACY,ANONYMITY & PRIVACY,10996,20223,"BELLOVIN, STEVEN M",3,2@18202010,480 Computer Science Building,Computer Engineering
COMS6185E001,INTRUSION DETECTION SYSTEMS,INTRUSION DETECTION SYSTE,18574,20223,"STOLFO, SALVATORE J",3,4@12101400,414 Schapiro [SCEP],Computer System
COMS6998E001,TOPICS IN COMPUTER SCIENCE,TOPICS IN ROBOTIC LEARNING,11039,20223,"SONG, SHURAN",3,5@10101200,327 Seeley W. Mudd Building,Control
COMS6998E002,TOPICS IN COMPUTER SCIENCE,ADV WEB DESIGN STUDIO,11040,20223,"CHILTON, LYDIA",3,5@14101600,451 Computer Science Building,Computer Engineering
COMS6998E004,TOPICS IN COMPUTER SCIENCE,DIALOG SYSTEMS (CONVERSNL AI),11041,20223,"YU, ZHOU",3,3@16101800,415 Schapiro [SCEP],ML
COMS6998E005,TOPICS IN COMPUTER SCIENCE,REPRESENTATION LEARNING,11042,20223,"VONDRICK, CARL",3,5@10101200,644 Seeley W. Mudd Building,ML
COMS6998E006,TOPICS IN COMPUTER SCIENCE,ADV SPOKEN LANGUAGE PROCESSING,11043,20223,"HIRSCHBERG, JULIA",3,2@16101800,1127 Seeley W. Mudd Building,ML
COMS6998E007,TOPICS IN COMPUTER SCIENCE,TOPICS DATACENTER NETWORKING,11044,20223,"MISRA, VISHAL",3,2@12101400,337 Seeley W. Mudd Building,Networking
COMS6998E008,TOPICS IN COMPUTER SCIENCE,ENGR WEB3 BLOCKCHAIN APPS,11045,20223,"YANG, JUNFENG",3,2@10101200,337 Seeley W. Mudd Building,Computer Engineering
COMS6998E009,TOPICS IN COMPUTER SCIENCE,FUND SPEECH RECOGNITION,11046,20223,"BEIGI, HOMAYOON S",3,4@19002130,1127 Seeley W. Mudd Building,ML
COMS6998E010,TOPICS IN COMPUTER SCIENCE,FINE GRAINED COMPLEXITY,11047,20223,"ALMAN, JOSHUA H",3,2@16101800,451 Computer Science Building,Computer Engineering
COMS6998E011,TOPICS IN COMPUTER SCIENCE,NATURAL LANG GEN SUMMARIZ,11048,20223,"MCKEOWN, KATHLEEN",3,3@14101600,331 Uris Hall,ML
COMS6998E012,TOPICS IN COMPUTER SCIENCE,PRACT DEEP LEARNING SYS PERF,11049,20223,"DUBE, PARIJAT",3,5@19002130,451 Computer Science Building,ML
COMS6998E013,TOPICS IN COMPUTER SCIENCE,FAIR AND ROBUST ALGORITHM,11050,20223,"ZEMEL, RICHARD",3,4@14101600,829 Seeley W. Mudd Building,Computer Engineering
COMS6998E014,TOPICS IN COMPUTER SCIENCE,ANALYSIS OF NETWORKS & CROWDS,11051,20223,"CHAINTREAU, AUGUSTIN",3,5@12101400,227 Seeley W. Mudd Building,Networking
COMS6998E015,TOPICS IN COMPUTER SCIENCE,CLOUD COMPUTING & BIG DATA,11052,20223,"SAHU, SAMBIT",3,4@18102000,451 Computer Science Building,Computer Engineering
COMS6998E016,TOPICS IN COMPUTER SCIENCE,MACHINE LEARNING &CLIMATE,11053,20223,"KUCUKELBIR, ALP",3,2@16101800,337 Seeley W. Mudd Building,ML
COMS6998E017,TOPICS IN COMPUTER SCIENCE,HIGH PERF MACH LEARNING,16699,20223,"DUBE, PARIJAT",3,4@19002130,829 Seeley W. Mudd Building,ML
COMS6998E018,TOPICS IN COMPUTER SCIENCE,READINGS LANGUAGE DESIGN,18463,20223,"STROUSTRUP, BJARNE",3,4@14101600,524 Seeley W. Mudd Building,ML
CSEE4119W001,COMPUTER NETWORKS,COMPUTER NETWORKS,12026,20223,"KATZ-BASSETT, ETHAN",3,14@14401555,142 Uris Hall,Networking
CSEE4119W002,COMPUTER NETWORKS,COMPUTER NETWORKS,12376,20223,"KATZ-BASSETT, ETHAN",3,14@13101425,451 Computer Science Building,Networking
CSEE4823W001,ADVANCED LOGIC DESIGN,ADVANCED LOGIC DESIGN,10795,20223,"ZIEGLER, MATTHEW M",3,1@16101840,209 Havemeyer Hall,IC
CSEE4868W001,SYSTEM-ON-CHIP PLATFORMS,SYSTEM-ON-CHIP PLATFORMS,11056,20223,"CARLONI, LUCA",3,24@11401255,413 Kent Hall,IC
CSEE6863E001,FORMAL VERIF HW SW SYSTEMS,FORMAL VERIF HW SW SYSTEM,11057,20223,"THEOBALD, MICHAEL",3,3@18102000,333 Uris Hall,Computer Engineering
CSOR4231W001,ANALYSIS OF ALGORITHMS I,ANALYSIS OF ALGORITHMS I,11058,20223,"YANNAKAKIS, MIHALIS",3,24@11401255,451 Computer Science Building,DS
CSOR4231W002,ANALYSIS OF ALGORITHMS I,ANALYSIS OF ALGORITHMS I,11059,20223,"PAPADIMITRIOU, CHRISTOS H",3,13@10101125,451 Computer Science Building,DS
CSOR4231W003,ANALYSIS OF ALGORITHMS I,ANALYSIS OF ALGORITHMS I,16833,20223,"ZHANG, YIHAO",3,24@20102125,451 Computer Science Building,DS
CSOR4246W001,ALGORITHMS FOR DATA SCIENCE,ALGORITHMS FOR DATA SCIEN,11060,20223,"DRINEA, ELENI",3,24@11401255,833 Seeley W. Mudd Building,DS
CSOR4246W002,ALGORITHMS FOR DATA SCIENCE,ALGORITHMS FOR DATA SCIEN,11061,20223,"DRINEA, ELENI",3,24@13101425,428 Pupin Laboratories,DS
ECBM4040E001,NEURAL NETWRKS & DEEP LEARNING,NEURAL NETWRKS & DEEP LEARNING,12017,20223,"KOSTIC, ZORAN",3,5@10101240,207 Mathematics Building,ML
ECBM4060E001,INTRO-GENOMIC INFO SCI & TECH,INTRO GENOMIC INFO SCI & TECH,15128,20223,"CHENG, WEI-YI",3,1@19002130,332 Uris Hall,ML
EEBM6091E001,TPCS IN COMP NEUROSCI/ENGINEERING,TPC:DEVICES&ANALYSIS FOR NEURO,10796,20223,"KHODAGHOLY ARAGHY, DION",3,2@13101540,333 Uris Hall,ML
EECS4321E001,DIGITAL VLSI CIRCUITS,DIGITAL VLSI CIRCUITS,13220,20223,"SHEPARD, KENNETH",3,24@13101425,833 Seeley W. Mudd Building,IC
EECS4750E001,Heterogeneous Computing for Signal and D,HETEROGENEOUS COMPUTING,12019,20223,"KOSTIC, ZORAN",3,4@13101540,415 Schapiro,Computer System
EECS4764E001,IoT - INTELLIG & CONNECTED SYS,IoT - INTELLIG & CONNECTED SYS,10794,20223,"JIANG, XIAOFAN",3,13@14401555,313 Fayerweather,Computer Engineering
EECS6690EH01,TOPICS DATA-DRIVEN ANAL & COMP,TPC:STAT LRNING BIOL&INFO SYST,20066,20223,"JELENKOVIC, PREDRAG R",3,2@16101840,Hybrid,ML
EECS6690E001,TOPICS DATA-DRIVEN ANAL & COMP,TPC:STAT LRNING BIOL&INFO SYST,11854,20223,"JELENKOVIC, PREDRAG R",3,2@16101840,303 Seeley W. Mudd Building,ML
EECS6893E001,TOPICS-INFORMATION PROCESSING,TPC:BIG DATA ANALYTICS,10797,20223,"LIN, CHING-YUNG",3,5@19002130,501 Schermerhorn Hall,ML
EECS6896E001,TOPICS-INFORMATION PROCESSING,TPC:QUANTUM COMPUT & COMM,11859,20223,"ASHIKHMIN, ALEXEI",3,3@13101540,627 Seeley W. Mudd Building,DS
EECS6897E001,Topics in Information Processing,Cloud Data Infrastructure,11861,20223,"CIDON, ASAF",3,5@10101240,825 Seeley W. Mudd Building,Cloud
EEOR4650E001,CONVEX OPTIMIZATION FOR ENG,CONVEX OPTIMIZATION ELCT ENG,10793,20223,"ANDERSON, JAMES",3,4@16101840,833 Seeley W. Mudd Building,DS
ELEN4106E001,Advanced Solid State Devices and Materia,Adv Solid State Device &,15127,20223,"KHODAGHOLY ARAGHY, DION",3,24@20402155,420 Pupin Laboratories,IC
ELEN4215E001,ANALOG FILTER SYNTHESIS/DESIGN,ANALOG FILTER SYNTHESIS/DESIGN,10761,20223,"DICKSON, TIMOTHY",3,2@19002130,415 Schapiro,IC
ELEN4312E001,ANALOG ELECTRONIC CIRCUITS,ANALOG ELECTRONIC CIRCUIT,10765,20223,"KINGET, PETER",3,13@11401255,750 Schapiro,IC
ELEN4361E001,POWER ELECTRONICS,POWER ELECTRONICS,10766,20223,"PREINDL, MATTHIAS",3,1@19002130,627 Seeley W. Mudd Building,Power
ELEN4411E001,FUNDAMENTALS OF PHOTONICS,FUNDAMENTALS OF PHOTONICS,14493,20223,"LIPSON, MICHAL",3,2@16101840,140 Uris Hall,Optics
ELEN4488E001,OPTICAL SYSTEMS,OPTICAL SYSTEMS & NETWORKS,10767,20223,"HENDON, CHRISTINE P",3,4@10101240,1024 Seeley W. Mudd Building,Optics
ELEN4511E001,POWER SYSTEMS ANALYSIS,POWER SYSTEMS ANALYSIS,10768,20223,"SCIANO, DAMIAN",3,3@19002130,627 Seeley W. Mudd Building,Power
ELEN4720E001,"Machine Learning for Signals, Informatio","ML FOR SIG, INF",17895,20223,"WRIGHT, JOHN",3,3@13101540,303 Uris Hall,ML
ELEN4810EH01,DIGITAL SIGNAL PROCESSING,DIGITAL SIGNAL PROCESSING,19981,20223,"WRIGHT, JOHN",3,1@13101540,Hybrid,Computer System
ELEN4810E001,DIGITAL SIGNAL PROCESSING,DIGITAL SIGNAL PROCESSING,10773,20223,"WRIGHT, JOHN",3,1@13101540,214 Pupin Laboratories,Computer System
ELEN4901E001,TOPICS IN EE & CE,PHOTOVOLTAIC SYS ENG & SUSTAIN,13714,20223,"FTHENAKIS, VASILIS",3,4@14101840,1127 Seeley W. Mudd Building,Optics
ELEN4944E001,PRNCPLS OF DEVICE MICROFABRCTN,PRNCPLS OF DEVICE MICROFA,15129,20223,"KYMISSIS, IOANNIS",3,5@10101240,627 Seeley W. Mudd Building,IC
ELEN6302E001,MOS TRANSISTORS,MOS TRANSISTORS,12514,20223,"TSIVIDIS, YANNIS P",3,3@16101840,1127 Seeley W. Mudd Building,IC
ELEN6320E001,MILLIMETER-WAVE IC DESIGN,Millimeter-Wave IC Design,10776,20223,"PAIDIMARRI, ARUN",3,3@19002130,829 Seeley W. Mudd Building,IC
ELEN6324G001,Principles of RF and Microwave Measureme,RF/Microwave Measurement,10778,20223,"SHAHRAMIAN, SHAHRIAR",3,2@16101840,Tu 4:10PM-6:40PM at 703 Hamilton Hall,IC
ELEN6333E001,SEMICONDUCTOR DEVICE PHYSICS,SEMICONDUCTOR DEVICE PHYS,15130,20223,"MENG, XIANG",3,1@19002130,M 7:00PM-9:30PM at 1127 Seeley W. Mudd Building,IC
ELEN6713E001,TOPICS IN COMMUNICATION,TPC:MMWAVE&APPLICATIONS FOR 5G,10780,20223,"SHARONY, JACOB",3,2@13101540,524 Seeley W. Mudd Building,IC
ELEN6761E001,COMPUTER COMMUNICATNS NETWORKS,COMPUTER COMMUNCATION NETWORKS,11856,20223,"GHADERI, JAVAD",3,24@10101125,1127 Seeley W. Mudd Building,Networking
ELEN6767E001,"INTERNET ECON, ENG & SOCIETY","INTERNET ECON, ENG & SOCIETY",10787,20223,"MITRA, DEBASIS",3,13@11401255,545 Seeley W. Mudd Building,Networking
ELEN6770E001,TOPICS IN NETWORKING,TPC:NET VIRTUAL & CLOUD COMPUT,10788,20223,"SABNANI, KRISHNAN",3,5@16101840,627 Seeley W. Mudd Building,Networking
ELEN6776E001,TOPICS IN NETWORKING,TPC:CONTENT STORAGE & DISTRIBU,10789,20223,"WALID, ANWAR I",3,3@19002130,420 Pupin Laboratories,Networking
ELEN6885E001,TOPICS IN SIGNAL PROCESSING,TPC:REINFORCEMENT LEARNING,10790,20223,"LI, CHONG",3,5@08101000,501 Northwest Corner Building,ML
ELEN6920E001,TOPICS IN VLSI SYSTEMS DESIGN,Modern Power Mgmt. ICs,10791,20223,"ZHANG, XIN",3,4@16101840,717 Hamilton Hall,IC
ELEN9701E001,INFO & COMMUNICATION THEORIES,WIRELESS & EDGE NETWORKS,15475,20223,"ZUSSMAN, GIL",3,4@13101510,337 Seeley W. Mudd Building,Networking
CBMF4761W001,COMPUTATIONAL GENOMICS,COMPUTATIONAL GENOMICS,12397,20231,"PE'ER, ITSIK",3,13@17401855,833 Seeley W. Mudd Building,DS
COMS4111W001,INTRODUCTION TO DATABASES,INTRODUCTION TO DATABASES,12408,20231,"ROSS, KENNETH A",3,13@14401555,TBA,DS
COMS4111W002,INTRODUCTION TO DATABASES,INTRODUCTION TO DATABASES,12409,20231,"FERGUSON, DONALD F",3,5@10101240,TBA,DS
COMS4115W001,PROGRAMMING LANG & TRANSLATORS,PROGRAMMING LANG & TRANSL,12811,20231,"RAY, BAISHAKHI",3,13@10101125,TBA,ML
COMS4118W001,OPERATING SYSTEMS I,OPERATING SYSTEMS I,12815,20231,"LEE, JAE W",3,24@17401855,TBA,DS
COMS4167W001,COMPUTER ANIMATION,COMPUTER ANIMATION,13709,20231,"ZHENG, CHANGXI",3,24@16101725,451 Computer Science Building,DS
COMS4172W001,3D UI AND AUGMENTED REALITY,3D UI AND AUGMENTED REALI,12817,20231,"FEINER, STEVEN K",3,24@13101425,TBA,DS
COMS4182W001,SECURITY II,SECURITY II,12819,20231,"BELLOVIN, STEVEN M",3,24@13101425,833 Seeley W. Mudd Building,DS
COMS4232W001,Advanced Algorithms,Advanced Algorithms,12825,20231,"ANDONI, ALEXANDR",3,13@14401555,451 Computer Science Building,DS
COMS4236W001,INTRO-COMPUTATIONAL COMPLEXITY,INTRO-COMPUTATIONAL COMPL,12835,20231,"SERVEDIO, ROCCO",3,13@20402155,TBA,DS
COMS4701W001,ARTIFICIAL INTELLIGENCE,ARTIFICIAL INTELLIGENCE,12837,20231,"DEAR, TONY B",3,13@14401555,TBA,Computer Engineering
COMS4701W002,ARTIFICIAL INTELLIGENCE,ARTIFICIAL INTELLIGENCE,12838,20231,"DEAR, TONY B",3,13@16101725,TBA,Computer Engineering
COMS4705W001,NATURAL LANGUAGE PROCESSING,NATURAL LANGUAGE PROCESSI,12839,20231,"BAUER, DANIEL",3,13@13101425,TBA,Computer Engineering
COMS4732W001,Computer Vision II: Learning,Computer Vision II: Learn,12843,20231,"VONDRICK, CARL",3,5@10101240,417 International Affairs: Building,Computer Engineering
COMS4733W001,COMPUTATNL ASPECTS OF ROBOTICS,COMPUTATNL ASPECTS OF ROB,12844,20231,"SONG, SHURAN",3,5@10101240,451 Computer Science Building,Computer Engineering
COMS4735W001,VISUAL INTERFACES TO COMPUTERS,VISUAL INTERFACES TO COMP,12847,20231,"KENDER, JOHN R",3,24@14401555,TBA,Computer Engineering
COMS4771W001,MACHINE LEARNING,MACHINE LEARNING,12850,20231,"VERMA, NAKUL",3,24@13101425,451 Computer Science Building,DS
COMS4771W002,MACHINE LEARNING,MACHINE LEARNING,12861,20231,"VERMA, NAKUL",3,24@14401555,451 Computer Science Building,DS
COMS4995W001,TOPICS IN COMPUTER SCIENCE,INTRO TO NETWORKS AND CROWDS,12872,20231,"CHAINTREAU, AUGUSTIN",3,5@10101240,TBA,Computer Engineering
COMS4995W002,TOPICS IN COMPUTER SCIENCE,GEOMETRIC DATA ANALYSIS,12873,20231,"BLUMBERG, ANDREW J",3,24@08400955,451 Computer Science Building,DS
COMS4995W003,TOPICS IN COMPUTER SCIENCE,PROG ANALYSIS SECURITY,12878,20231,"JANA, SUMAN",3,1@10101240,825 Seeley W. Mudd Building,Computer Engineering
COMS4995W004,TOPICS IN COMPUTER SCIENCE,CAUSAL INFERENCE II,12880,20231,"BAREINBOIM, ELIAS",3,1@10101240,TBA,Computer Engineering
COMS4995W005,TOPICS IN COMPUTER SCIENCE,BLDNG SUCCESSFUL STARTUP,13643,20231,"AGARWAL, APOORV",3,24@16101725,TBA,Computer Engineering
COMS4995W006,TOPICS IN COMPUTER SCIENCE,APPLIED COMPUTER VISION,13644,20231,"REITER, AUSTIN D",3,4@13101540,TBA,Computer Engineering
COMS4995W007,TOPICS IN COMPUTER SCIENCE,EMPIRICAL METHODS DATA SC,13645,20231,"LEVINE, MICHELLE F",3,3@19002130,TBA,Computer Engineering
COMS4995W008,TOPICS IN COMPUTER SCIENCE,COMPETITIVE PROGRAMMING,13646,20231,"LIM, YONGWHAN",3,1@19002130,TBA,Computer Engineering
COMS4995W009,TOPICS IN COMPUTER SCIENCE,OPEN SOURCE DEVELOPMENT,13647,20231,"PAINE, TIMOTHY K",3,24@17401855,TBA,Computer Engineering
COMS4995W010,TOPICS IN COMPUTER SCIENCE,INNOVATION & DESIGN LAB,13649,20231,"ZAMCHICK, GARY",3,4@13101540,TBA,Computer Engineering
COMS4995W011,TOPICS IN COMPUTER SCIENCE,MOBILE APP DEVELOP IOS,13652,20231,"THOMAS, HUGH",3,24@16101725,TBA,Computer Engineering
COMS4995W020,TOPICS IN COMPUTER SCIENCE,APPLIED MACHINE LEARNING,12890,20231,"PAPPU, VIJAY",3,4@19002130,TBA,DS
COMS6111E001,ADVANCED DATABASE SYSTEMS,ADVANCED DATABASE SYSTEMS,12898,20231,"GRAVANO, LUIS",3,2@10101200,TBA,Computer Engineering
COMS6113E001,Topics in Database Systems,Topics in Database System,12899,20231,"WU, EUGENE",3,4@14101600,TBA,Computer Engineering
COMS6156E001,TOPICS IN SOFTWARE ENGINEERING,TOPICS IN SOFTWARE ENGINE,12900,20231,"KAISER, GAIL E",3,24@10101125,TBA,Computer Engineering
COMS6178E001,Human-Computer Interaction,Human-Computer Interactio,13007,20231,"SMITH, BRIAN A",3,2@10101240,TBA,Computer Engineering
COMS6998E001,TOPICS IN COMPUTER SCIENCE,PRIVACY PRESERVING SYS,12902,20231,"GEAMBASU, ROXANA",3,1@16101800,1127 Seeley W. Mudd Building,Computer Engineering
COMS6998E002,TOPICS IN COMPUTER SCIENCE,ADV SPOKEN LANGUAGE PROCESSING,12904,20231,"HIRSCHBERG, JULIA",3,2@16101800,TBA,Computer Engineering
COMS6998E003,TOPICS IN COMPUTER SCIENCE,COMPUTATION AND THE BRAIN,12909,20231,"PAPADIMITRIOU, CHRISTOS H",3,3@16101840,451 Computer Science Building,Computer Engineering
COMS6998E004,TOPICS IN COMPUTER SCIENCE,FUND SPEECH RECOGNITION,13650,20231,"BEIGI, HOMAYOON S",3,4@19002130,451 Computer Science Building,Computer Engineering
COMS6998E005,TOPICS IN COMPUTER SCIENCE,HIGH PERF MACH LEARNING,13651,20231,"DUBE, PARIJAT",3,4@19002130,TBA,DS
COMS6998E006,TOPICS IN COMPUTER SCIENCE,CLOUD COMPUTING & BIG DATA,13724,20231,"SAHU, SAMBIT",3,1@18102000,TBA,Cloud
CSEE4119W001,COMPUTER NETWORKS,COMPUTER NETWORKS,13058,20231,"ZUSSMAN, GIL",3,3@10101240,TBA,Computer Engineering
CSEE4119W002,COMPUTER NETWORKS,COMPUTER NETWORKS,13001,20231,"MISRA, VISHAL",3,13@13101425,451 Computer Science Building,Computer Engineering
CSEE4121W002,Computer System FOR DATA SCIENCE,Computer System FOR DATA,13723,20231,"SAHU, SAMBIT",3,4@19002130,TBA,Computer Engineering
CSEE4840W001,EMBEDDED SYSTEMS,EMBEDDED SYSTEMS,12868,20231,"EDWARDS, STEPHEN A",3,5@13101540,451 Computer Science Building,IC
CSEE6868E001,EMBEDDED SCALABLE PLATFORMS,EMBEDDED SCALABLE PLATFOR,12901,20231,"CARLONI, LUCA",3,3@18102000,TBA,IC
CSOR4231W001,ANALYSIS OF ALGORITHMS I,ANALYSIS OF ALGORITHMS I,12824,20231,"DRINEA, ELENI",3,24@11401255,TBA,Computer Engineering
ECBM4070E001,Computing with Brain Circuits of Model O,Computing with Brain Circ,13059,20231,"LAZAR, AUREL A",3,1@19002130,TBA,Computer Engineering
ECBM6070E001,TPC NEUROSCI & DEEP LEARN,TPC NEUROSCI & DEEP LEARN,13120,20231,"LAZAR, AUREL A",3,1@19002130,TBA,DS
EECS6691E001,TOPICS DATA-DRIVEN ANAL & COMP,Advanced Deep Learning,13062,20231,"KOSTIC, ZORAN",3,3@10101240,TBA,DS
EECS6892E001,TOPICS-INFORMATION PROCESSING,Reinforcement Learning,13067,20231,"GHADERI, JAVAD",3,24@14401555,TBA,DS
EECS6895E001,TOPICS-INFORMATION PROCESSING,TPC: Adv Big Data & AI,13070,20231,"LIN, CHING-YUNG",3,5@19002130,TBA,DS
EEME6602E001,MODERN CONTROL THEORY,MODERN CONTROL THEORY,13192,20231,"ANDERSON, JAMES",3,1@13101540,TBA,Control
ELEN4702E001,DIGITAL COMMUNICATIONS,DIGITAL COMMUNICATIONS,12991,20231,"ASHIKHMIN, ALEXEI",3,3@19002130,TBA,IC
ELEN4815E001,RANDOM SIGNALS & NOISE,RANDOM SIGNALS & NOISE,12992,20231,"KALET, IRVING",3,24@11401255,1127 Seeley W. Mudd Building,IC
ELEN4902E001,TOPICS IN EE & CE,Electric Machines,13003,20231,"OMIDIORA, MICHAEL",3,4@19002130,TBA,IC
ELEN6316E001,Analog-Digital Interfaces in VLSI,Analog-Digital Interfaces,13004,20231,"DICKSON, TIMOTHY",3,2@19002130,TBA,IC
ELEN6331E001,PRINCPLS SEMICONDUCTR PHYSCS I,PRINCPLS SEMICONDUCTR PHYSCS I,13020,20231,"WANG, WEN I",3,4@19002130,TBA,IC
ELEN6350E001,VLSI DESIGN LABORATORY,VLSI DESIGN LABORATORY,13037,20231,"KINGET, PETER",3,3@16101840,TBA,IC
ELEN6771E001,TOPICS IN NETWORKING,5G PROGRAMMABLE NETWORKS,13051,20231,"CALIN, DORU",3,3@13101540,TBA,Computer Engineering
ELEN6882E001,TOPICS IN SIGNAL PROCESSING,TOPICS IN SIGNAL PROCESSI,13186,20231,,3,5@13101540,TBA,Computer Engineering
ELEN6883E001,TOPICS IN SIGNAL PROCESSING,INTRO TO BLOCKCHAIN TECH,13049,20231,"LI, CHONG",3,5@08101000,TBA,Computer Engineering
ELEN6889E001,TOPICS IN SIGNAL PROCESSING,LARGE-SCALE STREAM PROCESSING,13054,20231,"TURAGA, DEEPAK S",3,4@19002130,TBA,Computer Engineering
ELEN6901E001,TPCS-ELEC & COMPUT ENGINEERING,Smart Grid Technologies,13091,20231,"SURESH, SINDHU",3,3@19002130,TBA,Computer Engineering
ELEN6904E001,TPCS-ELEC & COMPUT ENGINEERING,Trans Arch for xG Wireles,13056,20231,"HAQUE, TANBIR",3,1@19002130,TBA,Computer Engineering
ELEN6906E001,TPCS-ELEC & COMPUT ENGINEERING,TPCS-ELEC & COMPUT ENGINE,13170,20231,"MITRA, DEBASIS",3,13@11401255,TBA,Computer Engineering
ELEN6908E001,TOPICS IN ELECTRICAL AND COMPUTER ENGINE,Embedded AI,13046,20231,"JIANG, XIAOFAN",3,1@10101240,TBA,DS
CBMF4761W001,COMPUTATIONAL GENOMICS,COMPUTATIONAL GENOMICS,42444,20211,"PE'ER, ITSIK",3,13@14401555,253 Eng Terrace,Systems Biology
COMS4111WH01,INTRODUCTION TO DATABASES,INTRODUCTION TO DATABASES,50427,20211,Donald F Ferguson,3,5@10101240,Hybrid,DS
COMS4111W001,INTRODUCTION TO DATABASES,INTRODUCTION TO DATABASES,42428,20211,Donald F Ferguson,3,5@10101240,501 Schermerhorn Hall [SCH],DS
COMS4111W002,INTRODUCTION TO DATABASES,INTRODUCTION TO DATABASES,43911,20211,"WU, EUGENE",3,5@13101540,417 International Affairs: Building,DS
COMS4111W003,INTRODUCTION TO DATABASES,INTRODUCTION TO DATABASES,45287,20211,"BILIRIS, ALEXANDROS",3,4@16101841,402 Chandler,DS
COMS4112W001,DATABASE SYSTEM IMPLEMENTATION,DATABASE SYSTEM IMPLEMENT,42429,20211,"ROSS, KENNETH A",3,13@13101425,451 Computer Science Building,DS
COMS4113WH01,FUND-LARGE-SCALE DIST SYSTEMS,FUND-LARGE-SCALE DIST SYS,47356,20211,"GEAMBASU, ROXANA",3,5@10101240,Hybrid,Computer System
COMS4113W001,FUND-LARGE-SCALE DIST SYSTEMS,FUND-LARGE-SCALE DIST SYS,42470,20211,"GEAMBASU, ROXANA",3,5@10101241,451 Computer Science Building,Computer System
COMS4115W001,PROGRAMMING LANG & TRANSLATORS,PROGRAMMING LANG & TRANSL,42430,20211,"GU, RONGHUI",3,13@17401855,501 Schermerhorn Hall [SCH],Computer Engineering
COMS4118W001,OPERATING SYSTEMS I,OPERATING SYSTEMS I,42431,20211,"LEE, JAE W",3,3@16101840,501 Northwest Corner Building,Computer System
COMS4170WH01,USER INTERFACE DESIGN,USER INTERFACE DESIGN,48592,20211,"CHILTON, LYDIA",3,13@16101725,Hybrid,Computer Engineering
COMS4170W001,USER INTERFACE DESIGN,USER INTERFACE DESIGN,42432,20211,"CHILTON, LYDIA",3,13@16101726,418 International Affairs: Building,Computer Engineering
COMS4172W001,3D UI AND AUGMENTED REALITY,3D UI AND AUGMENTED REALI,42433,20211,"FEINER, STEVEN K",3,24@13101425,644 Seeley W. Mudd Building,Computer Engineering
COMS4182W001,SECURITY II,SECURITY II,42434,20211,"BELLOVIN, STEVEN M",3,24@13101425,833 Seeley W. Mudd Building,Computer Engineering
COMS4232W001,Advanced Algorithms,Advanced Algorithms,42436,20211,"ANDONI, ALEXANDR",3,24@16101725,451 Computer Science Building,Computer Engineering
COMS4236W001,INTRO-COMPUTATIONAL COMPLEXITY,INTRO-COMPUTATIONAL COMPL,42437,20211,"SERVEDIO, ROCCO",3,24@08400955,1127 Seeley W. Mudd Building,Computer Engineering
COMS4261W001,INTRO TO CRYPTOGRAPHY,INTRO TO CRYPTOGRAPHY,42438,20211,"MALKIN, TAL",3,24@10101125,633 Seeley W. Mudd Building,Computer Engineering
COMS4261W002,INTRO TO CRYPTOGRAPHY,INTRO TO CRYPTOGRAPHY,50071,20211,"MALKIN, TAL",3,24@08400955,633 Seeley W. Mudd Building,Computer Engineering
COMS4701WH02,ARTIFICIAL INTELLIGENCE,ARTIFICIAL INTELLIGENCE,47290,20211,"DEAR, TONY B",3,13@14401555,Hybrid,Computer Engineering
COMS4701W002,ARTIFICIAL INTELLIGENCE,ARTIFICIAL INTELLIGENCE,42440,20211,"DEAR, TONY B",3,13@14401556,418 International Affairs: Building,Computer Engineering
COMS4701W003,ARTIFICIAL INTELLIGENCE,ARTIFICIAL INTELLIGENCE,48093,20211,"DEAR, TONY B",3,13@17401855,451 Computer Science Building,Computer Engineering
COMS4705W001,NATURAL LANGUAGE PROCESSING,NATURAL LANGUAGE PROCESSI,42441,20211,"YU, ZHOU",3,13@16101725,207 Mathematics Building,Computer Engineering
3@19002130,NATURAL LANGUAGE PROCESSING,NATURAL LANGUAGE PROCESSI,47846,20211,"BENAJIBA, YASSINE",3,3@19002130,501 Schermerhorn Hall [SCH],Computer Engineering
COMS4721W001,MACHINE LEARNING FOR DATA SCI,MACHINE LEARNING FOR DATA,47136,20211,"HSU, DANIEL",3,24@13101425,301 Uris Hall,DS
COMS4732WH01,Computer Vision II: Learning,Computer Vision II: Learn,48457,20211,"VONDRICK, CARL",3,5@10101240,Hybrid,Computer Engineering
COMS4732W001,Computer Vision II: Learning,Computer Vision II: Learn,42442,20211,"VONDRICK, CARL",3,5@10101241,418 International Affairs: Building,Computer Engineering
COMS4733W001,COMPUTATNL ASPECTS OF ROBOTICS,COMPUTATNL ASPECTS OF ROB,42443,20211,"SONG, SHURAN",3,5@10101240,312 Mathematics Building,Computer Engineering
COMS4762W001,Machine Learning for Functional Genomics,ML for Functional Genomic,42445,20211,"KNOWLES, DAVID A",3,13@16101725,451 Computer Science Building,DS
COMS4771W001,MACHINE LEARNING,MACHINE LEARNING,42446,20211,"VERMA, NAKUL",3,24@13101425,428 Pupin Laboratories,DS
COMS4771W002,MACHINE LEARNING,MACHINE LEARNING,42447,20211,"VERMA, NAKUL",3,24@14401555,501 Northwest Corner Building,DS
COMS4995W001,TOPICS IN COMPUTER SCIENCE,SEMANTIC REPRESENTATIONS NLP,42450,20211,"BAUER, DANIEL",3,13@10101125,451 Computer Science Building,Computer Engineering
COMS4995W002,TOPICS IN COMPUTER SCIENCE,UBIQUITOUS SEQUENCING,42451,20211,"PE'ER, ITSIK",3,24@17401855,451 Computer Science Building,Computer Engineering
COMS4995W003,TOPICS IN COMPUTER SCIENCE,CAUSAL INFERENCE II,42452,20211,"BAREINBOIM, ELIAS",3,1@10101240,825 Seeley W. Mudd Building,Computer Engineering
COMS4995W004,TOPICS IN COMPUTER SCIENCE,GEOMETRIC DATA ANALYSIS,42453,20211,"BLUMBERG, ANDREW J",3,13@08400955,633 Seeley W. Mudd Building,Computer Engineering
COMS4995W005,TOPICS IN COMPUTER SCIENCE,DESIGN USING C++,42454,20211,"STROUSTRUP, BJARNE",3,5@13101540,1127 Seeley W. Mudd Building,Computer Engineering
COMS4995W007,TOPICS IN COMPUTER SCIENCE,INTRO TO NETWORKS AND CROWDS,42455,20211,"CHAINTREAU, AUGUSTIN",3,5@13101540,313 Fayerweather,Computer Engineering
COMS4995W009,TOPICS IN COMPUTER SCIENCE,NATUR ARTIFIC NEURAL NETWORKS,43667,20211,"MORRISON, JOHN R",3,2@13101540,1127 Seeley W. Mudd Building,Computer Engineering
COMS4995W010,TOPICS IN COMPUTER SCIENCE,NAT ART NEURAL NETWORKS LAB,43669,20211,"PAPADIMITRIOU, CHRISTOS H",1,4@14101600,516,Computer Engineering
COMS4995W011,TOPICS IN COMPUTER SCIENCE,INTRO TO DATA VISUALIZATION,47830,20211,"SWINEHART, CHRISTIAN",3,4@16101840,644 Seeley W. Mudd Building,DS
COMS4995W012,TOPICS IN COMPUTER SCIENCE,DEEP LEARNING,47848,20211,"DRORI, IDDO",3,24@13101425,402 Chandler,DS
COMS4995W013,TOPICS IN COMPUTER SCIENCE,EMPIRICAL METHODS DATA SC,47850,20211,"LEVINE, MICHELLE F",3,13@11401255,233 Seeley W. Mudd Building,DS
COMS4995W014,TOPICS IN COMPUTER SCIENCE,TECH INTERVIEW PREP C++,47851,20211,"LIM, YONGWHAN",3,24@17401855,140 Uris Hall,Computer Engineering
COMS4995W020,TOPICS IN COMPUTER SCIENCE,APPLIED MACHINE LEARNING,46970,20211,"PAPPU, VIJAY",3,1@19002130,501 Schermerhorn Hall [SCH],DS
COMS6111EH01,ADVANCED DATABASE SYSTEMS,ADVANCED DATABASE SYSTEMS,48581,20211,"GRAVANO, LUIS",3,5@10101200,Hybrid,DS
COMS6111E001,ADVANCED DATABASE SYSTEMS,ADVANCED DATABASE SYSTEMS,42456,20211,"GRAVANO, LUIS",3,5@10101201,330 Pupin Laboratories,DS
COMS6156E001,TOPICS IN SOFTWARE ENGINEERING,TOPICS IN SOFTWARE ENGINE,42457,20211,"KAISER, GAIL E",3,24@10101125,337 Seeley W. Mudd Building,Computer Engineering
COMS6178E001,Human-Computer Interaction,Human-Computer Interactio,42458,20211,"SMITH, BRIAN A",3,3@13101540,401 Chandler,Computer Engineering
COMS6424E001,HARDWARE SECURITY,HARDWARE SECURITY,42460,20211,"SETHUMADHAVAN, SIMHA",3,2@16101840,1024 Seeley W. Mudd Building,Electronics
COMS6998EH08,TOPICS IN COMPUTER SCIENCE,CLOUD COMPUTING & BIG DATA,50429,20211,"SAHU, SAMBIT",3,2@18102000,Hybrid,Computer Engineering
COMS6998E001,TOPICS IN COMPUTER SCIENCE,ADV SPOKEN LANGUAGE PROCESSING,42462,20211,"HIRSCHBERG, JULIA",3,1@16101800,1127 Seeley W. Mudd Building,Computer Engineering
COMS6998E002,TOPICS IN COMPUTER SCIENCE,AI FOR SOFTWARE ENGINEERING,42463,20211,"RAY, BAISHAKHI",3,5@10101200,829 Seeley W. Mudd Building,Computer Engineering
COMS6998E003,TOPICS IN COMPUTER SCIENCE,FUND SPEECH RECOGNITION,42464,20211,"BEIGI, HOMAYOON S",3,4@190021301,127 Seeley W. Mudd Building,Computer Engineering
COMS6998E004,TOPICS IN COMPUTER SCIENCE,COMMUNICATION COMPLEXITY APPS,42465,20211,"PITASSI, TONIANN",3,3@14101600,516 Hamilton Hall,Computer Engineering
COMS6998E005,TOPICS IN COMPUTER SCIENCE,SELF SUPERVISED LEARNING,42466,20211,"ZEMEL, RICHARD",3,3@14101600,524 Seeley W. Mudd Building,Computer Engineering
COMS6998E006,TOPICS IN COMPUTER SCIENCE,QUANTUM COMPLEXITY CRYPTO,42467,20211,"YUEN, HENRY",3,4@14101600,401 Chandler,Computer Engineering
COMS6998E007,TOPICS IN COMPUTER SCIENCE,ADV TOPICS PROJ DEEP LEARNING,42468,20211,"BELHUMEUR, PETER",3,3@14101600,833 Seeley W. Mudd Building,Computer Engineering
COMS6998E008,TOPICS IN COMPUTER SCIENCE,CLOUD COMPUTING & BIG DATA,42469,20211,"SAHU, SAMBIT",3,4@18102000,329 Pupin Laboratories,Computer Engineering
COMS6998E009,TOPICS IN COMPUTER SCIENCE,PRACT DEEP LEARNING SYS PERF,43681,20211,"DUBE, PARIJAT",3,1@19002130,451 Computer Science Building,Computer Engineering
COMS6998E010,TOPICS IN COMPUTER SCIENCE,MACHINE LEARNING &CLIMATE,45408,20211,"KUCUKELBIR, ALP",3,2@16101800,401 Chandler,ML
COMS6998E011,TOPICS IN COMPUTER SCIENCE,BANDITS REINFORCEMENT LEARNING,47849,20211,"HALL-KRISHNAMURTHY, AKSHAY",3,1@16101800,602 Northwest Corner Building,ML
COMS6998E012,TOPICS IN COMPUTER SCIENCE,QUANTUM COMPUTING THRY PRACT,50501,20211,"HORESH, LIOR",3,5@12101400,337 Seeley W. Mudd Building,Informatics
CSEE4119W001,COMPUTER NETWORKS,COMPUTER NETWORKS,43722,20211,"ZUSSMAN, GIL",3,3@10101240,301 Uris Hall,Communication
CSEE4119W002,COMPUTER NETWORKS,COMPUTER NETWORKS,43696,20211,"SCHULZRINNE, HENNING G",3,24@17401855,301 Uris Hall,Communication
CSEE4121W002,Computer System FOR DATA SCIENCE,Computer System FOR DATA,47361,20211,"SAHU, SAMBIT",3,4@19002130,402 Chandler,DS
CSEE4121W003,Computer System FOR DATA SCIENCE,Computer System FOR DATA,47391,20211,"CIDON, ASAF",3,5@10101240,501 Northwest Corner Building,DS
CSEE4840W001,EMBEDDED SYSTEMS,EMBEDDED SYSTEMS,42449,20211,"EDWARDS, STEPHEN A",3,5@13101540,451 Computer Science Building,IC
CSEE6180W001,MODELING & PERFORMANCE EVALUATION,MODELING & PERFORMANCE EV,42459,20211,"MISRA, VISHAL",3,5@10101200,337 Seeley W. Mudd Building,IC
CSEE6868E001,EMBEDDED SCALABLE PLATFORMS,EMBEDDED SCALABLE PLATFOR,42461,20211,"CARLONI, LUCA",3,3@18102000,829 Seeley W. Mudd Building,IC
CSOR4231WH01,ANALYSIS OF ALGORITHMS I,ANALYSIS OF ALGORITHMS I,47292,20211,"DRINEA, ELENI",3,24@11401255,Hybrid,Computer Engineering
CSOR4231W001,ANALYSIS OF ALGORITHMS I,ANALYSIS OF ALGORITHMS I,42435,20211,"DRINEA, ELENI",3,24@11401255,417 International Affairs: Building,Computer Engineering
CSOR4231W002,ANALYSIS OF ALGORITHMS I,ANALYSIS OF ALGORITHMS I,48321,20211,"CHEN, XI",3,13@08400955,614 Schermerhorn Hall [SCH],Computer Engineering
ECBM4070E001,Computing with Brain Circuits of Model O,Computing with Brain Circ,43569,20211,"LAZAR, AUREL A",3,1@19002130,627 Seeley W. Mudd Building,IC
EECS6321E001,ADV DIGITAL ELECTRONIC CIRCUIT,ADV DIGITAL ELECTRONIC CI,43570,20211,"SEOK, MINGOO",3,24@14401555,750 Schapiro [SCEP],IC
EECS6691E001,TOPICS DATA-DRIVEN ANAL & COMP,Advanced Deep Learning,43574,20211,"KOSTIC, ZORAN",3,3@10101240,825 Seeley W. Mudd Building,ML
EECS6692E001,TOPICS DATA-DRIVEN ANAL & COMP,Deep Learning on the Edge,43576,20211,"KOSTIC, ZORAN",3,3@13101540,TBA,ML
EECS6699E001,TOPICS DATA-DRIVEN ANAL & COMP,TPC: MATHEMATICS OF DEEP LEARN,45593,20211,"JELENKOVIC, PREDRAG R",3,3@16101840,142 Uris Hall,ML
EECS6892E001,TOPICS-INFORMATION PROCESSING,Reinforcement Learning,43584,20211,"GHADERI, JAVAD",3,24@14401555,141 Uris Hall,ML
EECS6895E001,TOPICS-INFORMATION PROCESSING,TPC: Adv Big Data & AI,45690,20211,"LIN, CHING-YUNG",3,5@19002130,501 Schermerhorn Hall [SCH],ML
EECS9601E001,Seminar in Data-Driven Analysis and Comp,ADVANCE PROB MACHINE LEARNING,45644,20211,"PAISLEY, JOHN W",3,2@16101840,327 Seeley W. Mudd Building,ML
EEME6602E001,MODERN CONTROL THEORY,MODERN CONTROL THEORY,43587,20211,"ANDERSON, JAMES",3,13@14401555,702 Hamilton Hall,Control
ELEN4314E001,COMMUNICATION CIRCUITS,COMMUNICATION CIRCUITS,43563,20211,"VALLANCOURT, DAVID G",3,13@13101425,214 Pupin Laboratories,IC
ELEN4702E001,DIGITAL COMMUNICATIONS,DIGITAL COMMUNICATIONS,43564,20211,"ASHIKHMIN, ALEXEI",3,3@19002130,420 Pupin Laboratories,Communication
ELEN4815E001,RANDOM SIGNALS & NOISE,RANDOM SIGNALS & NOISE,43565,20211,"KALET, IRVING",3,24@11401255,1127 Seeley W. Mudd Building,Communication
ELEN4830E001,DIGITAL IMAGE PROCESSING,DIGITAL IMAGE PROCESSING,43566,20211,"HENDON, CHRISTINE P",3,4@10101240,303 Uris Hall,ML
ELEN4902E001,TOPICS IN EE & CE,Electric Machines,47857,20211,"OMIDIORA, MICHAEL",3,4@19002130,303 Uris Hall,IC
ELEN6312E001,ADV ANALOG INTEGRATED CIRCUITS,ADV ANALOG INTEGRATED CIR,48290,20211,"KRISHNASWAMY, HARISH",3,4@16101840,1024 Seeley W. Mudd Building,IC
ELEN6316E001,Analog-Digital Interfaces in VLSI,Analog-Digital Interfaces,45577,20211,"DICKSON, TIMOTHY",3,2@19002130,1127 Seeley W. Mudd Building,IC
ELEN6318E001,MICROWAVE CIRCUIT DESIGN,MICROWAVE CIRCUIT DESIGN,45581,20211,"BAEYENS, YVES",3,1@16101840,633 Seeley W. Mudd Building,IC
ELEN6331E001,PRINCPLS SEMICONDUCTR PHYSCS I,PRINCPLS SEMICONDUCTR PHYSCS I,43572,20211,"WANG, WEN I",3,4@19002130,644 Seeley W. Mudd Building,IC
ELEN6350E001,VLSI DESIGN LABORATORY,VLSI DESIGN LABORATORY,45584,20211,"KINGET, PETER",3,3@14401710,227 Seeley W. Mudd Building,IC
ELEN6412E001,LIGHTWAVE DEVICES,LIGHTWAVE DEVICES,45585,20211,"MENG, XIANG",3,1@19002130,545 Seeley W. Mudd Building,IC
ELEN6414E001,PHOTONIC INTEGRATED CIRCUITS,PHOTONIC INTEGRATED CIRCU,48289,20211,"LIPSON, MICHAL",3,2@16101840,644 Seeley W. Mudd Building,IC
ELEN6767E001,"INTERNET ECON, ENG & SOCIETY","INTERNET ECON, ENG & SOCIETY",43577,20211,"MITRA, DEBASIS",3,13@11401255,545 Seeley W. Mudd Building,Communication
ELEN6771E001,TOPICS IN NETWORKING,5G PROGRAMMABLE NETWORKS,45598,20211,"CALIN, DORU",3,3@19002130,417 Mathematics Building,Communication
ELEN6876E001,Sparse and Low-Dimensional Models for Hi,SPARSE MODELS FOR HI-D DA,43582,20211,"WRIGHT, JOHN",3,1@13101540,750 Schapiro [SCEP],Communication
ELEN6883E001,TOPICS IN SIGNAL PROCESSING,INTRO TO BLOCKCHAIN TECH,43580,20211,"LI, CHONG",3,5@08101000,501 Northwest Corner Building,Cloud
ELEN6889E001,TOPICS IN SIGNAL PROCESSING,LARGE-SCALE STREAM PROCESSING,45627,20211,"TURAGA, DEEPAK S",3,4@19002130,310 Fayerweather,Cloud
ELEN6901E001,TPCS-ELEC & COMPUT ENGINEERING,Smart Grid Technologies,48021,20211,"SURESH, SINDHU",3,3@19002130,303 Uris Hall,Control
ELEN6904E001,TPCS-ELEC & COMPUT ENGINEERING,Trans Arch for xG Wireles,47013,20211,"HAQUE, TANBIR",3,1@19002130,330 Uris Hall,Communication
ELEN6908E001,TOPICS IN ELECTRICAL AND COMPUTER ENGINE,Embedded AI,43589,20211,"JIANG, XIAOFAN",3,1@10101240,330 Uris Hall,IC
ELEN6909E001,TPCS-ELECTRICAL & Computer Engineering,Motor Drive Systems,50186,20211,"PREINDL, MATTHIAS",3,2@19002130,327 Seeley W. Mudd Building,IC
ELEN6945E001,DEVICE NANOFABRICATION,Device Nanofabrication,43579,20211,"KHODAGHOLY ARAGHY, DION",3,4@13101540,303 Hamilton Hall,IC
COMS4111W001,INTRODUCTION TO DATABASES,INTRODUCTION TO DATABASES,42540,20212,"BILIRIS, ALEXANDROS",3,5@10101240,501 Schermerhorn Hall [SCH],DS
COMS4701W001,ARTIFICIAL INTELLIGENCE,ARTIFICIAL INTELLIGENCE,40338,20212,"DEAR, TONY B",3,24@13101610,402 Chandler,ML
COMS4705W001,NATURAL LANGUAGE PROCESSING,NATURAL LANGUAGE PROCESSI,40339,20212,"BAUER, DANIEL",3,13@16101725,207 Mathematics Building,ML
COMS4771W001,MACHINE LEARNING,MACHINE LEARNING,40340,20212,"VERMA, NAKUL",3,24@13101425,428 Pupin Laboratories,ML
COMS4995W001,TOPICS IN COMPUTER SCIENCE,ML W/ APPLICATIONS IN FINANCE,40333,20212,"CREAMER, GERMAN G",3,13@10101125,451 Computer Science Building,ML
COMS4995W002,TOPICS IN COMPUTER SCIENCE,C++ FOR C PROGRAMMERS,40334,20212,"LEE, JAE W",3,24@17401855,451 Computer Science Building,Computer Engineering
COMS4995W003,TOPICS IN COMPUTER SCIENCE,From algorithm to dev,41540,20212,"BOROWSKI, BRIAN",3,1@10101240,825 Seeley W. Mudd Building,Computer Engineering
COMS4995W004,TOPICS IN COMPUTER SCIENCE,Advanced Deep Learning,41890,20212,"DRORI, IDDO",3,13@08400955,633 Seeley W. Mudd Building,ML
CSOR4231W001,ANALYSIS OF ALGORITHMS I,ANALYSIS OF ALGORITHMS I,40916,20212,"ANDONI, ALEXANDR",3,24@11401255,417 International Affairs: Building,Computer Engineering
BMEB4020W001,COMP NEURO: CIRCUITS IN BRAIN,COMP NEURO: CIRCUITS IN BRAIN,40792,20213,"LAZAR, AUREL A",3,2@19002130,1127 Seeley W. Mudd Building,IC
COMS4111WH02,INTRODUCTION TO DATABASES,INTRODUCTION TO DATABASES,41010,20213,"WU, EUGENE",3,24@13101425,301 Pupin Laboratories,DS
COMS4111W001,INTRODUCTION TO DATABASES,INTRODUCTION TO DATABASES,41007,20213,"GRAVANO, LUIS",3,5@10101240,501 Schermerhorn Hall [SCH],DS
COMS4111W002,INTRODUCTION TO DATABASES,INTRODUCTION TO DATABASES,41008,20213,"WU, EUGENE",3,24@10101125,451 Computer Science Building,DS
COMS4111W003,INTRODUCTION TO DATABASES,INTRODUCTION TO DATABASES,41009,20213,"FERGUSON, DONALD F",3,5@13101540,417 International Affairs: Building,DS
COMS4113WH01,FUND-LARGE-SCALE DIST SYSTEMS,FUND-LARGE-SCALE DIST SYS,50441,20213,"GEAMBASU, ROXANA",3,5@10101240,Hybrid,Cloud
COMS4113W001,FUND-LARGE-SCALE DIST SYSTEMS,FUND-LARGE-SCALE DIST SYS,41011,20213,"GEAMBASU, ROXANA",3,5@10101240,451 Computer Science Building,Computer System
COMS4115W001,PROGRAMMING LANG & TRANSLATORS,PROGRAMMING LANG & TRANSL,41012,20213,"GU, RONGHUI",3,13@16101725,CIN,Computer Engineering
COMS4118W001,OPERATING SYSTEMS I,OPERATING SYSTEMS I,43030,20213,"NIEH, JASON",3,24@08400955,417 International Affairs: Building,Computer System
COMS4152W001,Engineering Software-as-a-Service,Engineering Software-as-a,43219,20213,"YANG, JUNFENG",3,24@08400955,301 Pupin Laboratories,Computer System
COMS4156W001,ADVANCED SOFTWARE ENGINEERING,ADVANCED SOFTWARE ENGINEE,41013,20213,"KAISER, GAIL E",3,24@10101125,614 Schermerhorn Hall [SCH],Computer Engineering
COMS4160W001,COMPUTER GRAPHICS,COMPUTER GRAPHICS,46850,20213,"FADAIFARD, HADI",3,24@18401955,1024 Seeley W. Mudd Building,Computer Engineering
COMS4170W001,USER INTERFACE DESIGN,USER INTERFACE DESIGN,41014,20213,"SMITH, BRIAN A",3,13@14401555,833 Seeley W. Mudd Building,Computer Engineering
COMS4181W001,SECURITY I,SECURITY I,41015,20213,"JANA, SUMAN",3,13@13101425,451 Computer Science Building,Computer Engineering
COMS4186W001,MALWARE ANALYSIS&REVERSE ENGINEERING,MALWARE ANALYSIS&REVERSE,41016,20213,"SIKORSKI, MICHAEL S",3,4@16101840,451 Computer Science Building,Computer Engineering
COMS4236W001,INTRO-COMPUTATIONAL COMPLEXITY,INTRO-COMPUTATIONAL COMPL,41017,20213,"CHEN, XI",3,13@08400955,1127 Seeley W. Mudd Building,Computer Engineering
COMS4252W001,INTRO-COMPUTATIONAL LEARN THRY,INTRO-COMPUTATIONAL LEARN,41018,20213,"SERVEDIO, ROCCO",3,24@08400955,402 Chandler,Computer Engineering
COMS4281W001,INTRO TO QUANTUM COMPUTING,INTRO TO QUANTUM COMPUTIN,46902,20213,"YUEN, HENRY",3,13@10101125,140 Uris Hall,Computer Engineering
COMS4419W001,"INTERNET TECHNOLOGY,ECONOMICS,AND POLICY","INTERNET TECHNOLOGY,ECONO",41019,20213,"SCHULZRINNE, HENNING G",3,24@17401855,545 Seeley W. Mudd Building,Networking
COMS4444W001,PROGRAMMING & PROBLEM SOLVING,PROGRAMMING & PROBLEM SOL,41020,20213,"ROSS, KENNETH A",3,13@13101425,337 Seeley W. Mudd Building,Computer Engineering
COMS4460W001,PRIN-INNOVATN/ENTREPRENEURSHIP,PRIN-INNOVATN/ENTREPRENEU,41021,20213,"REINISCH, WILLIAM",3,5@10101240,829 Seeley W. Mudd Building,Computer Engineering
COMS4701W001,ARTIFICIAL INTELLIGENCE,ARTIFICIAL INTELLIGENCE,41022,20213,"SALLEB-AOUISSI, ANSAF",3,24@10101125,501 Schermerhorn Hall [SCH],ML
COMS4701W002,ARTIFICIAL INTELLIGENCE,ARTIFICIAL INTELLIGENCE,41023,20213,"SALLEB-AOUISSI, ANSAF",3,24@11401255,501 Schermerhorn Hall [SCH],ML
COMS4705WH01,NATURAL LANGUAGE PROCESSING,NATURAL LANGUAGE PROCESSI,50442,20213,"BAUER, DANIEL",3,13@14401555,Hybrid,ML
COMS4705W001,NATURAL LANGUAGE PROCESSING,NATURAL LANGUAGE PROCESSI,41024,20213,"BAUER, DANIEL",3,13@14401555,501 Schermerhorn Hall [SCH],ML
COMS4731WH01,Computer Vision I: First Principles,Computer Vision I,50095,20213,"NAYAR, SHREE K",3,13@10101125,Hybrid,Computer System
COMS4731W001,Computer Vision I: First Principles,Computer Vision I,41025,20213,"NAYAR, SHREE K",3,13@10101125,214 Pupin Laboratories,Computer System
COMS4762W001,Machine Learning for Functional Genomics,ML for Functional Genomic,41026,20213,"KNOWLES, DAVID A",3,13@16101725,451 Computer Science Building,ML
COMS4771W001,MACHINE LEARNING,MACHINE LEARNING,41027,20213,"VERMA, NAKUL",3,24@14401555,833 Seeley W. Mudd Building,ML
COMS4774W001,Unsupervised Learning,Unsupervised Learning,41028,20213,"VERMA, NAKUL",3,24@13101425,627 Seeley W. Mudd Building,ML
COMS4775W001,Causal Inference,Causal Inference,41029,20213,"BAREINBOIM, ELIAS",3,13@16101725,326 Uris Hall,ML
COMS4995WH10,TOPICS IN COMPUTER SCIENCE,APPLIED DEEP LEARNING,50665,20213,"GORDON, JOSHUA B",3,4@19002130,Hybrid,ML
COMS4995W001,TOPICS IN COMPUTER SCIENCE,HACKING 4 DEFENSE,41030,20213,"BLAER, PAUL S",3,2@16101840,415 Schapiro [SCEP],Computer Engineering
COMS4995W002,TOPICS IN COMPUTER SCIENCE,PARALLEL FUNCTIONAL PROGRAMMIN,41031,20213,"EDWARDS, STEPHEN A",3,13@17401855,451 Computer Science Building,Computer Engineering
COMS4995W003,TOPICS IN COMPUTER SCIENCE,EMPIRICAL METHODS DATA SC,41032,20213,"LEVINE, MICHELLE F",3,13@11401255,829 Seeley W. Mudd Building,DS
COMS4995W004,TOPICS IN COMPUTER SCIENCE,NEURAL NETWORKS DEEP LEARNING,41033,20213,"ZEMEL, RICHARD",3,13@14401555,451 Computer Science Building,ML
COMS4995W005,TOPICS IN COMPUTER SCIENCE,LOGIC AND COMPUTABILITY,41034,20213,"PITASSI, TONIANN",3,3@16101840,331 Uris Hall,Computer Engineering
COMS4995W006,TOPICS IN COMPUTER SCIENCE,DEEP LRNG FOR COMP VISION,43377,20213,"BELHUMEUR, PETER",3,24@14401555,451 Computer Science Building,ML
COMS4995W007,TOPICS IN COMPUTER SCIENCE,TECH INTERVIEW PREP C++,43874,20213,"LIM, YONGWHAN",3,24@17401855,331 Uris Hall,Computer Engineering
COMS4995W008,TOPICS IN COMPUTER SCIENCE,COMPETITIVE PROGRAMMING,46691,20213,"LIM, YONGWHAN",3,1@19002130,451 Computer Science Building,Computer Engineering
COMS4995W009,TOPICS IN COMPUTER SCIENCE,DESIGN USING C++,48505,20213,"STROUSTRUP, BJARNE",3,5@13101540,327 Seeley W. Mudd Building,Computer Engineering
COMS4995W010,TOPICS IN COMPUTER SCIENCE,APPLIED DEEP LEARNING,41035,20213,"GORDON, JOSHUA B",3,4@19002130,417 International Affairs: Building,ML
COMS4995W011,TOPICS IN COMPUTER SCIENCE,APPLIED MACHINE LEARNING,41036,20213,"PAPPU, VIJAY",3,1@19002130,833 Seeley W. Mudd Building,ML
COMS4995W012,TOPICS IN COMPUTER SCIENCE,ELEMENTS FOR DATA SCIENCE,41037,20213,"GIBSON, BRYAN",3,3@19002130,417 International Affairs: Building,DS
COMS4995W013,TOPICS IN COMPUTER SCIENCE,APPLIED MACHINE LEARNING,48870,20213,"PAPPU, VIJAY",3,3@16101840,417 International Affairs: Building,ML
COMS4995W020,TOPICS IN COMPUTER SCIENCE,MATH MACH LEARN SIG RECOG,48683,20213,"BEIGI, HOMAYOON S",3,4@16101840,627 Seeley W. Mudd Building,ML
COMS4995W021,TOPICS IN COMPUTER SCIENCE,BLDNG SUCCESSFUL STARTUP,48684,20213,"AGARWAL, APOORV",3,24@16101725,401 Chandler,Computer System
COMS6118E001,"OPERATING SYSTEMS, II","OPERATING SYSTEMS, II",43031,20213,"NIEH, JASON",3,4@10101200,337 Seeley W. Mudd Building,Computer System
COMS6156E001,TOPICS IN SOFTWARE ENGINEERING,CLOUD COMPUTING,41038,20213,"FERGUSON, DONALD F",3,5@13101540,417 International Affairs: Building,Computer Engineering
COMS6184E001,ANONYMITY & PRIVACY,ANONYMITY & PRIVACY,40996,20213,"BELLOVIN, STEVEN M",3,2@18202010,480 Computer Science Building,Computer Engineering
COMS6185E001,INTRUSION DETECTION SYSTEMS,INTRUSION DETECTION SYSTE,48574,20213,"STOLFO, SALVATORE J",3,4@12101400,414 Schapiro [SCEP],Computer System
COMS6998E001,TOPICS IN COMPUTER SCIENCE,TOPICS IN ROBOTIC LEARNING,41039,20213,"SONG, SHURAN",3,5@10101200,327 Seeley W. Mudd Building,Control
COMS6998E002,TOPICS IN COMPUTER SCIENCE,ADV WEB DESIGN STUDIO,41040,20213,"CHILTON, LYDIA",3,5@14101600,451 Computer Science Building,Computer Engineering
COMS6998E004,TOPICS IN COMPUTER SCIENCE,DIALOG SYSTEMS (CONVERSNL AI),41041,20213,"YU, ZHOU",3,3@16101800,415 Schapiro [SCEP],ML
COMS6998E005,TOPICS IN COMPUTER SCIENCE,REPRESENTATION LEARNING,41042,20213,"VONDRICK, CARL",3,5@10101200,644 Seeley W. Mudd Building,ML
COMS6998E006,TOPICS IN COMPUTER SCIENCE,ADV SPOKEN LANGUAGE PROCESSING,41043,20213,"HIRSCHBERG, JULIA",3,2@16101800,1127 Seeley W. Mudd Building,ML
COMS6998E007,TOPICS IN COMPUTER SCIENCE,TOPICS DATACENTER NETWORKING,41044,20213,"MISRA, VISHAL",3,2@12101400,337 Seeley W. Mudd Building,Networking
COMS6998E008,TOPICS IN COMPUTER SCIENCE,ENGR WEB3 BLOCKCHAIN APPS,41045,20213,"YANG, JUNFENG",3,2@10101200,337 Seeley W. Mudd Building,Computer Engineering
COMS6998E009,TOPICS IN COMPUTER SCIENCE,FUND SPEECH RECOGNITION,41046,20213,"BEIGI, HOMAYOON S",3,4@19002130,1127 Seeley W. Mudd Building,ML
COMS6998E010,TOPICS IN COMPUTER SCIENCE,FINE GRAINED COMPLEXITY,41047,20213,"ALMAN, JOSHUA H",3,2@16101800,451 Computer Science Building,Computer Engineering
COMS6998E011,TOPICS IN COMPUTER SCIENCE,NATURAL LANG GEN SUMMARIZ,41048,20213,"MCKEOWN, KATHLEEN",3,3@14101600,331 Uris Hall,ML
COMS6998E012,TOPICS IN COMPUTER SCIENCE,PRACT DEEP LEARNING SYS PERF,41049,20213,"DUBE, PARIJAT",3,5@19002130,451 Computer Science Building,ML
COMS6998E013,TOPICS IN COMPUTER SCIENCE,FAIR AND ROBUST ALGORITHM,41050,20213,"ZEMEL, RICHARD",3,4@14101600,829 Seeley W. Mudd Building,Computer Engineering
COMS6998E014,TOPICS IN COMPUTER SCIENCE,ANALYSIS OF NETWORKS & CROWDS,41051,20213,"CHAINTREAU, AUGUSTIN",3,5@12101400,227 Seeley W. Mudd Building,Networking
COMS6998E015,TOPICS IN COMPUTER SCIENCE,CLOUD COMPUTING & BIG DATA,41052,20213,"SAHU, SAMBIT",3,4@18102000,451 Computer Science Building,Computer Engineering
COMS6998E016,TOPICS IN COMPUTER SCIENCE,MACHINE LEARNING &CLIMATE,41053,20213,"KUCUKELBIR, ALP",3,2@16101800,337 Seeley W. Mudd Building,ML
COMS6998E017,TOPICS IN COMPUTER SCIENCE,HIGH PERF MACH LEARNING,46699,20213,"DUBE, PARIJAT",3,4@19002130,829 Seeley W. Mudd Building,ML
COMS6998E018,TOPICS IN COMPUTER SCIENCE,READINGS LANGUAGE DESIGN,48463,20213,"STROUSTRUP, BJARNE",3,4@14101600,524 Seeley W. Mudd Building,ML
CSEE4119W001,COMPUTER NETWORKS,COMPUTER NETWORKS,42026,20213,"KATZ-BASSETT, ETHAN",3,14@14401555,142 Uris Hall,Networking
CSEE4119W002,COMPUTER NETWORKS,COMPUTER NETWORKS,42376,20213,"KATZ-BASSETT, ETHAN",3,14@13101425,451 Computer Science Building,Networking
CSEE4823W001,ADVANCED LOGIC DESIGN,ADVANCED LOGIC DESIGN,40795,20213,"ZIEGLER, MATTHEW M",3,1@16101840,209 Havemeyer Hall,IC
CSEE4868W001,SYSTEM-ON-CHIP PLATFORMS,SYSTEM-ON-CHIP PLATFORMS,41056,20213,"CARLONI, LUCA",3,24@11401255,413 Kent Hall,IC
CSEE6863E001,FORMAL VERIF HW SW SYSTEMS,FORMAL VERIF HW SW SYSTEM,41057,20213,"THEOBALD, MICHAEL",3,3@18102000,333 Uris Hall,Computer Engineering
CSOR4231W001,ANALYSIS OF ALGORITHMS I,ANALYSIS OF ALGORITHMS I,41058,20213,"YANNAKAKIS, MIHALIS",3,24@11401255,451 Computer Science Building,DS
CSOR4231W002,ANALYSIS OF ALGORITHMS I,ANALYSIS OF ALGORITHMS I,41059,20213,"PAPADIMITRIOU, CHRISTOS H",3,13@10101125,451 Computer Science Building,DS
CSOR4231W003,ANALYSIS OF ALGORITHMS I,ANALYSIS OF ALGORITHMS I,46833,20213,"ZHANG, YIHAO",3,24@20102125,451 Computer Science Building,DS
CSOR4246W001,ALGORITHMS FOR DATA SCIENCE,ALGORITHMS FOR DATA SCIEN,41060,20213,"DRINEA, ELENI",3,24@11401255,833 Seeley W. Mudd Building,DS
CSOR4246W002,ALGORITHMS FOR DATA SCIENCE,ALGORITHMS FOR DATA SCIEN,41061,20213,"DRINEA, ELENI",3,24@13101425,428 Pupin Laboratories,DS
ECBM4040E001,NEURAL NETWRKS & DEEP LEARNING,NEURAL NETWRKS & DEEP LEARNING,42017,20213,"KOSTIC, ZORAN",3,5@10101240,207 Mathematics Building,ML
ECBM4060E001,INTRO-GENOMIC INFO SCI & TECH,INTRO GENOMIC INFO SCI & TECH,45128,20213,"CHENG, WEI-YI",3,1@19002130,332 Uris Hall,ML
EEBM6091E001,TPCS IN COMP NEUROSCI/ENGINEERING,TPC:DEVICES&ANALYSIS FOR NEURO,40796,20213,"KHODAGHOLY ARAGHY, DION",3,2@13101540,333 Uris Hall,ML
EECS4321E001,DIGITAL VLSI CIRCUITS,DIGITAL VLSI CIRCUITS,43220,20213,"SHEPARD, KENNETH",3,24@13101425,833 Seeley W. Mudd Building,IC
EECS4750E001,Heterogeneous Computing for Signal and D,HETEROGENEOUS COMPUTING,42019,20213,"KOSTIC, ZORAN",3,4@13101540,415 Schapiro,Computer System
EECS4764E001,IoT - INTELLIG & CONNECTED SYS,IoT - INTELLIG & CONNECTED SYS,40794,20213,"JIANG, XIAOFAN",3,13@14401555,313 Fayerweather,Computer Engineering
EECS6690EH01,TOPICS DATA-DRIVEN ANAL & COMP,TPC:STAT LRNING BIOL&INFO SYST,50066,20213,"JELENKOVIC, PREDRAG R",3,2@16101840,Hybrid,ML
EECS6690E001,TOPICS DATA-DRIVEN ANAL & COMP,TPC:STAT LRNING BIOL&INFO SYST,41854,20213,"JELENKOVIC, PREDRAG R",3,2@16101840,303 Seeley W. Mudd Building,ML
EECS6893E001,TOPICS-INFORMATION PROCESSING,TPC:BIG DATA ANALYTICS,40797,20213,"LIN, CHING-YUNG",3,5@19002130,501 Schermerhorn Hall,ML
EECS6896E001,TOPICS-INFORMATION PROCESSING,TPC:QUANTUM COMPUT & COMM,41859,20213,"ASHIKHMIN, ALEXEI",3,3@13101540,627 Seeley W. Mudd Building,DS
EECS6897E001,Topics in Information Processing,Cloud Data Infrastructure,41861,20213,"CIDON, ASAF",3,5@10101240,825 Seeley W. Mudd Building,Cloud
EEOR4650E001,CONVEX OPTIMIZATION FOR ENG,CONVEX OPTIMIZATION ELCT ENG,40793,20213,"ANDERSON, JAMES",3,4@16101840,833 Seeley W. Mudd Building,DS
ELEN4106E001,Advanced Solid State Devices and Materia,Adv Solid State Device &,45127,20213,"KHODAGHOLY ARAGHY, DION",3,24@20402155,420 Pupin Laboratories,IC
ELEN4215E001,ANALOG FILTER SYNTHESIS/DESIGN,ANALOG FILTER SYNTHESIS/DESIGN,40761,20213,"DICKSON, TIMOTHY",3,2@19002130,415 Schapiro,IC
ELEN4312E001,ANALOG ELECTRONIC CIRCUITS,ANALOG ELECTRONIC CIRCUIT,40765,20213,"KINGET, PETER",3,13@11401255,750 Schapiro,IC
ELEN4361E001,POWER ELECTRONICS,POWER ELECTRONICS,40766,20213,"PREINDL, MATTHIAS",3,1@19002130,627 Seeley W. Mudd Building,Power
ELEN4411E001,FUNDAMENTALS OF PHOTONICS,FUNDAMENTALS OF PHOTONICS,44493,20213,"LIPSON, MICHAL",3,2@16101840,140 Uris Hall,Optics
ELEN4488E001,OPTICAL SYSTEMS,OPTICAL SYSTEMS & NETWORKS,40767,20213,"HENDON, CHRISTINE P",3,4@10101240,1024 Seeley W. Mudd Building,Optics
ELEN4511E001,POWER SYSTEMS ANALYSIS,POWER SYSTEMS ANALYSIS,40768,20213,"SCIANO, DAMIAN",3,3@19002130,627 Seeley W. Mudd Building,Power
ELEN4720E001,"Machine Learning for Signals, Informatio","ML FOR SIG, INF",47895,20213,"WRIGHT, JOHN",3,3@13101540,303 Uris Hall,ML
ELEN4810EH01,DIGITAL SIGNAL PROCESSING,DIGITAL SIGNAL PROCESSING,49981,20213,"WRIGHT, JOHN",3,1@13101540,Hybrid,Computer System
ELEN4810E001,DIGITAL SIGNAL PROCESSING,DIGITAL SIGNAL PROCESSING,40773,20213,"WRIGHT, JOHN",3,1@13101540,214 Pupin Laboratories,Computer System
ELEN4901E001,TOPICS IN EE & CE,PHOTOVOLTAIC SYS ENG & SUSTAIN,43714,20213,"FTHENAKIS, VASILIS",3,4@14101840,1127 Seeley W. Mudd Building,Optics
ELEN4944E001,PRNCPLS OF DEVICE MICROFABRCTN,PRNCPLS OF DEVICE MICROFA,45129,20213,"KYMISSIS, IOANNIS",3,5@10101240,627 Seeley W. Mudd Building,IC
ELEN6302E001,MOS TRANSISTORS,MOS TRANSISTORS,42514,20213,"TSIVIDIS, YANNIS P",3,3@16101840,1127 Seeley W. Mudd Building,IC
ELEN6320E001,MILLIMETER-WAVE IC DESIGN,Millimeter-Wave IC Design,40776,20213,"PAIDIMARRI, ARUN",3,3@19002130,829 Seeley W. Mudd Building,IC
ELEN6324G001,Principles of RF and Microwave Measureme,RF/Microwave Measurement,40778,20213,"SHAHRAMIAN, SHAHRIAR",3,2@16101840,Tu 4:10PM-6:40PM at 703 Hamilton Hall,IC
ELEN6333E001,SEMICONDUCTOR DEVICE PHYSICS,SEMICONDUCTOR DEVICE PHYS,45130,20213,"MENG, XIANG",3,1@19002130,M 7:00PM-9:30PM at 1127 Seeley W. Mudd Building,IC
ELEN6713E001,TOPICS IN COMMUNICATION,TPC:MMWAVE&APPLICATIONS FOR 5G,40780,20213,"SHARONY, JACOB",3,2@13101540,524 Seeley W. Mudd Building,IC
ELEN6761E001,COMPUTER COMMUNICATNS NETWORKS,COMPUTER COMMUNCATION NETWORKS,41856,20213,"GHADERI, JAVAD",3,24@10101125,1127 Seeley W. Mudd Building,Networking
ELEN6767E001,"INTERNET ECON, ENG & SOCIETY","INTERNET ECON, ENG & SOCIETY",40787,20213,"MITRA, DEBASIS",3,13@11401255,545 Seeley W. Mudd Building,Networking
ELEN6770E001,TOPICS IN NETWORKING,TPC:NET VIRTUAL & CLOUD COMPUT,40788,20213,"SABNANI, KRISHNAN",3,5@16101840,627 Seeley W. Mudd Building,Networking
ELEN6776E001,TOPICS IN NETWORKING,TPC:CONTENT STORAGE & DISTRIBU,40789,20213,"WALID, ANWAR I",3,3@19002130,420 Pupin Laboratories,Networking
ELEN6885E001,TOPICS IN SIGNAL PROCESSING,TPC:REINFORCEMENT LEARNING,40790,20213,"LI, CHONG",3,5@08101000,501 Northwest Corner Building,ML
ELEN6920E001,TOPICS IN VLSI SYSTEMS DESIGN,Modern Power Mgmt. ICs,40791,20213,"ZHANG, XIN",3,4@16101840,717 Hamilton Hall,IC
ELEN9701E001,INFO & COMMUNICATION THEORIES,WIRELESS & EDGE NETWORKS,45475,20213,"ZUSSMAN, GIL",3,4@13101510,337 Seeley W. Mudd Building,Networking
